Workbook

Sheet RawData
A1: SerialNo | B1: BomNo | C1: UnitType | D1: ModelNo | E1: TestDate | F1: OverallPassFail | G1: RunTestSuctionTubeTemp | H1: RunTestEvapInletRetBendATemp | I1: RunTestEvapInletRetBendBTemp | J1: RunTestEvapOutletAirTemp | K1: RunTestEvap_B_OutletAirTemp | L1: RunTestInletOutletAirTempDelta | M1: RunTestInletOutlet_B_AirTempDelta | N1: RunTestAmbientTemperature | O1: RunTestVoltageStartup | P1: RunTestFinalVoltage | Q1: RunTestCurrentStartup | R1: RunTestFinalCurrent | S1: Z_RunTestSuctionTubeTemp | T1: Z_RunTestEvapInletRetBendATemp | U1: Z_RunTestEvapInletRetBendBTemp | V1: Z_RunTestEvapOutletAirTemp | W1: Z_RunTestEvap_B_OutletAirTemp | X1: Z_RunTestInletOutletAirTempDelta | Y1: Z_RunTestInletOutlet_B_AirTempDelta | Z1: Z_RunTestAmbientTemperature | AA1: Z_RunTestVoltageStartup | AB1: Z_RunTestFinalVoltage | AC1: Z_RunTestCurrentStartup | AD1: Z_RunTestFinalCurrent
A2: 04M1925120154 | B2: CRS0000675 | C2: LT | D2: ALX440U-DS3B01 | E2: 46010 | F2: Fail | G2: 0 | H2: 0 | I2: 0 | J2: 0 | K2: 0 | L2: 0 | M2: 0 | N2: 0 | O2: 110.54 | P2: 0 | Q2: 9.01 | R2: 0 | S2: =IF(OR(G2=0,G2=""),"",ABS((G2-IF($C2="LT",Config!$F$2,Config!$F$14))/IF($C2="LT",Config!$G$2,Config!$G$14))) | T2: =IF(OR(H2=0,H2=""),"",ABS((H2-IF($C2="LT",Config!$F$3,Config!$F$15))/IF($C2="LT",Config!$G$3,Config!$G$15))) | U2: =IF(OR(I2=0,I2=""),"",ABS((I2-IF($C2="LT",Config!$F$4,Config!$F$16))/IF($C2="LT",Config!$G$4,Config!$G$16))) | V2: =IF(OR(J2=0,J2=""),"",ABS((J2-IF($C2="LT",Config!$F$5,Config!$F$17))/IF($C2="LT",Config!$G$5,Config!$G$17))) | W2: =IF(OR(K2=0,K2=""),"",ABS((K2-IF($C2="LT",Config!$F$6,Config!$F$18))/IF($C2="LT",Config!$G$6,Config!$G$18))) | X2: =IF(OR(L2=0,L2=""),"",ABS((L2-IF($C2="LT",Config!$F$7,Config!$F$19))/IF($C2="LT",Config!$G$7,Config!$G$19))) | Y2: =IF(OR(M2=0,M2=""),"",ABS((M2-IF($C2="LT",Config!$F$8,Config!$F$20))/IF($C2="LT",Config!$G$8,Config!$G$20))) | Z2: =IF(OR(N2=0,N2=""),"",ABS((N2-IF($C2="LT",Config!$F$9,Config!$F$21))/IF($C2="LT",Config!$G$9,Config!$G$21))) | AA2: =IF(OR(O2=0,O2=""),"",ABS((O2-IF($C2="LT",Config!$F$10,Config!$F$22))/IF($C2="LT",Config!$G$10,Config!$G$22))) | AB2: =IF(OR(P2=0,P2=""),"",ABS((P2-IF($C2="LT",Config!$F$11,Config!$F$23))/IF($C2="LT",Config!$G$11,Config!$G$23))) | AC2: =IF(OR(Q2=0,Q2=""),"",ABS((Q2-IF($C2="LT",Config!$F$12,Config!$F$24))/IF($C2="LT",Config!$G$12,Config!$G$24))) | AD2: =IF(OR(R2=0,R2=""),"",ABS((R2-IF($C2="LT",Config!$F$13,Config!$F$25))/IF($C2="LT",Config!$G$13,Config!$G$25)))
A3: 04M1925120154 | B3: CRS0000675 | C3: LT | D3: ALX440U-DS3B01 | E3: 46010 | F3: Fail | G3: 0 | H3: 0 | I3: 0 | J3: 0 | K3: 0 | L3: 0 | M3: 0 | N3: 0 | O3: 0 | P3: 0 | Q3: 0 | R3: 0 | S3: =IF(OR(G3=0,G3=""),"",ABS((G3-IF($C3="LT",Config!$F$2,Config!$F$14))/IF($C3="LT",Config!$G$2,Config!$G$14))) | T3: =IF(OR(H3=0,H3=""),"",ABS((H3-IF($C3="LT",Config!$F$3,Config!$F$15))/IF($C3="LT",Config!$G$3,Config!$G$15))) | U3: =IF(OR(I3=0,I3=""),"",ABS((I3-IF($C3="LT",Config!$F$4,Config!$F$16))/IF($C3="LT",Config!$G$4,Config!$G$16))) | V3: =IF(OR(J3=0,J3=""),"",ABS((J3-IF($C3="LT",Config!$F$5,Config!$F$17))/IF($C3="LT",Config!$G$5,Config!$G$17))) | W3: =IF(OR(K3=0,K3=""),"",ABS((K3-IF($C3="LT",Config!$F$6,Config!$F$18))/IF($C3="LT",Config!$G$6,Config!$G$18))) | X3: =IF(OR(L3=0,L3=""),"",ABS((L3-IF($C3="LT",Config!$F$7,Config!$F$19))/IF($C3="LT",Config!$G$7,Config!$G$19))) | Y3: =IF(OR(M3=0,M3=""),"",ABS((M3-IF($C3="LT",Config!$F$8,Config!$F$20))/IF($C3="LT",Config!$G$8,Config!$G$20))) | Z3: =IF(OR(N3=0,N3=""),"",ABS((N3-IF($C3="LT",Config!$F$9,Config!$F$21))/IF($C3="LT",Config!$G$9,Config!$G$21))) | AA3: =IF(OR(O3=0,O3=""),"",ABS((O3-IF($C3="LT",Config!$F$10,Config!$F$22))/IF($C3="LT",Config!$G$10,Config!$G$22))) | AB3: =IF(OR(P3=0,P3=""),"",ABS((P3-IF($C3="LT",Config!$F$11,Config!$F$23))/IF($C3="LT",Config!$G$11,Config!$G$23))) | AC3: =IF(OR(Q3=0,Q3=""),"",ABS((Q3-IF($C3="LT",Config!$F$12,Config!$F$24))/IF($C3="LT",Config!$G$12,Config!$G$24))) | AD3: =IF(OR(R3=0,R3=""),"",ABS((R3-IF($C3="LT",Config!$F$13,Config!$F$25))/IF($C3="LT",Config!$G$13,Config!$G$25)))
A4: 04M1925120154 | B4: CRS0000675 | C4: LT | D4: ALX440U-DS3B01 | E4: 46010 | F4: Fail | G4: 0 | H4: 0 | I4: 0 | J4: 0 | K4: 0 | L4: 0 | M4: 0 | N4: 0 | O4: 110.76 | P4: 0 | Q4: 8.69 | R4: 0 | S4: =IF(OR(G4=0,G4=""),"",ABS((G4-IF($C4="LT",Config!$F$2,Config!$F$14))/IF($C4="LT",Config!$G$2,Config!$G$14))) | T4: =IF(OR(H4=0,H4=""),"",ABS((H4-IF($C4="LT",Config!$F$3,Config!$F$15))/IF($C4="LT",Config!$G$3,Config!$G$15))) | U4: =IF(OR(I4=0,I4=""),"",ABS((I4-IF($C4="LT",Config!$F$4,Config!$F$16))/IF($C4="LT",Config!$G$4,Config!$G$16))) | V4: =IF(OR(J4=0,J4=""),"",ABS((J4-IF($C4="LT",Config!$F$5,Config!$F$17))/IF($C4="LT",Config!$G$5,Config!$G$17))) | W4: =IF(OR(K4=0,K4=""),"",ABS((K4-IF($C4="LT",Config!$F$6,Config!$F$18))/IF($C4="LT",Config!$G$6,Config!$G$18))) | X4: =IF(OR(L4=0,L4=""),"",ABS((L4-IF($C4="LT",Config!$F$7,Config!$F$19))/IF($C4="LT",Config!$G$7,Config!$G$19))) | Y4: =IF(OR(M4=0,M4=""),"",ABS((M4-IF($C4="LT",Config!$F$8,Config!$F$20))/IF($C4="LT",Config!$G$8,Config!$G$20))) | Z4: =IF(OR(N4=0,N4=""),"",ABS((N4-IF($C4="LT",Config!$F$9,Config!$F$21))/IF($C4="LT",Config!$G$9,Config!$G$21))) | AA4: =IF(OR(O4=0,O4=""),"",ABS((O4-IF($C4="LT",Config!$F$10,Config!$F$22))/IF($C4="LT",Config!$G$10,Config!$G$22))) | AB4: =IF(OR(P4=0,P4=""),"",ABS((P4-IF($C4="LT",Config!$F$11,Config!$F$23))/IF($C4="LT",Config!$G$11,Config!$G$23))) | AC4: =IF(OR(Q4=0,Q4=""),"",ABS((Q4-IF($C4="LT",Config!$F$12,Config!$F$24))/IF($C4="LT",Config!$G$12,Config!$G$24))) | AD4: =IF(OR(R4=0,R4=""),"",ABS((R4-IF($C4="LT",Config!$F$13,Config!$F$25))/IF($C4="LT",Config!$G$13,Config!$G$25)))
A5: 04M2225120168 | B5: CRS0000675 | C5: LT | D5: ALX440U-DS3B01 | E5: 46036 | F5: Fail | G5: 152.6 | H5: 79.8 | I5: -1957.8 | J5: 65.5 | K5: 0 | L5: 2.6 | M5: 0 | N5: 68.1 | O5: 114.94 | P5: 114.72 | Q5: 7.5 | R5: 8.08 | S5: =IF(OR(G5=0,G5=""),"",ABS((G5-IF($C5="LT",Config!$F$2,Config!$F$14))/IF($C5="LT",Config!$G$2,Config!$G$14))) | T5: =IF(OR(H5=0,H5=""),"",ABS((H5-IF($C5="LT",Config!$F$3,Config!$F$15))/IF($C5="LT",Config!$G$3,Config!$G$15))) | U5: =IF(OR(I5=0,I5=""),"",ABS((I5-IF($C5="LT",Config!$F$4,Config!$F$16))/IF($C5="LT",Config!$G$4,Config!$G$16))) | V5: =IF(OR(J5=0,J5=""),"",ABS((J5-IF($C5="LT",Config!$F$5,Config!$F$17))/IF($C5="LT",Config!$G$5,Config!$G$17))) | W5: =IF(OR(K5=0,K5=""),"",ABS((K5-IF($C5="LT",Config!$F$6,Config!$F$18))/IF($C5="LT",Config!$G$6,Config!$G$18))) | X5: =IF(OR(L5=0,L5=""),"",ABS((L5-IF($C5="LT",Config!$F$7,Config!$F$19))/IF($C5="LT",Config!$G$7,Config!$G$19))) | Y5: =IF(OR(M5=0,M5=""),"",ABS((M5-IF($C5="LT",Config!$F$8,Config!$F$20))/IF($C5="LT",Config!$G$8,Config!$G$20))) | Z5: =IF(OR(N5=0,N5=""),"",ABS((N5-IF($C5="LT",Config!$F$9,Config!$F$21))/IF($C5="LT",Config!$G$9,Config!$G$21))) | AA5: =IF(OR(O5=0,O5=""),"",ABS((O5-IF($C5="LT",Config!$F$10,Config!$F$22))/IF($C5="LT",Config!$G$10,Config!$G$22))) | AB5: =IF(OR(P5=0,P5=""),"",ABS((P5-IF($C5="LT",Config!$F$11,Config!$F$23))/IF($C5="LT",Config!$G$11,Config!$G$23))) | AC5: =IF(OR(Q5=0,Q5=""),"",ABS((Q5-IF($C5="LT",Config!$F$12,Config!$F$24))/IF($C5="LT",Config!$G$12,Config!$G$24))) | AD5: =IF(OR(R5=0,R5=""),"",ABS((R5-IF($C5="LT",Config!$F$13,Config!$F$25))/IF($C5="LT",Config!$G$13,Config!$G$25)))
A6: 04M2225120168 | B6: CRS0000675 | C6: LT | D6: ALX440U-DS3B01 | E6: 46036 | F6: Fail | G6: 154.8 | H6: 91 | I6: -1957.8 | J6: 65.9 | K6: 0 | L6: 5.5 | M6: 0 | N6: 71.4 | O6: 111.35 | P6: 113.11 | Q6: 8.13 | R6: 8.18 | S6: =IF(OR(G6=0,G6=""),"",ABS((G6-IF($C6="LT",Config!$F$2,Config!$F$14))/IF($C6="LT",Config!$G$2,Config!$G$14))) | T6: =IF(OR(H6=0,H6=""),"",ABS((H6-IF($C6="LT",Config!$F$3,Config!$F$15))/IF($C6="LT",Config!$G$3,Config!$G$15))) | U6: =IF(OR(I6=0,I6=""),"",ABS((I6-IF($C6="LT",Config!$F$4,Config!$F$16))/IF($C6="LT",Config!$G$4,Config!$G$16))) | V6: =IF(OR(J6=0,J6=""),"",ABS((J6-IF($C6="LT",Config!$F$5,Config!$F$17))/IF($C6="LT",Config!$G$5,Config!$G$17))) | W6: =IF(OR(K6=0,K6=""),"",ABS((K6-IF($C6="LT",Config!$F$6,Config!$F$18))/IF($C6="LT",Config!$G$6,Config!$G$18))) | X6: =IF(OR(L6=0,L6=""),"",ABS((L6-IF($C6="LT",Config!$F$7,Config!$F$19))/IF($C6="LT",Config!$G$7,Config!$G$19))) | Y6: =IF(OR(M6=0,M6=""),"",ABS((M6-IF($C6="LT",Config!$F$8,Config!$F$20))/IF($C6="LT",Config!$G$8,Config!$G$20))) | Z6: =IF(OR(N6=0,N6=""),"",ABS((N6-IF($C6="LT",Config!$F$9,Config!$F$21))/IF($C6="LT",Config!$G$9,Config!$G$21))) | AA6: =IF(OR(O6=0,O6=""),"",ABS((O6-IF($C6="LT",Config!$F$10,Config!$F$22))/IF($C6="LT",Config!$G$10,Config!$G$22))) | AB6: =IF(OR(P6=0,P6=""),"",ABS((P6-IF($C6="LT",Config!$F$11,Config!$F$23))/IF($C6="LT",Config!$G$11,Config!$G$23))) | AC6: =IF(OR(Q6=0,Q6=""),"",ABS((Q6-IF($C6="LT",Config!$F$12,Config!$F$24))/IF($C6="LT",Config!$G$12,Config!$G$24))) | AD6: =IF(OR(R6=0,R6=""),"",ABS((R6-IF($C6="LT",Config!$F$13,Config!$F$25))/IF($C6="LT",Config!$G$13,Config!$G$25)))
A7: 04M2225120168 | B7: CRS0000675 | C7: LT | D7: ALX440U-DS3B01 | E7: 46036 | F7: Fail | G7: 143.2 | H7: 91.5 | I7: -1957.8 | J7: 66.4 | K7: 0 | L7: 3.5 | M7: 0 | N7: 69.9 | O7: 111.79 | P7: 113.18 | Q7: 8.13 | R7: 8.37 | S7: =IF(OR(G7=0,G7=""),"",ABS((G7-IF($C7="LT",Config!$F$2,Config!$F$14))/IF($C7="LT",Config!$G$2,Config!$G$14))) | T7: =IF(OR(H7=0,H7=""),"",ABS((H7-IF($C7="LT",Config!$F$3,Config!$F$15))/IF($C7="LT",Config!$G$3,Config!$G$15))) | U7: =IF(OR(I7=0,I7=""),"",ABS((I7-IF($C7="LT",Config!$F$4,Config!$F$16))/IF($C7="LT",Config!$G$4,Config!$G$16))) | V7: =IF(OR(J7=0,J7=""),"",ABS((J7-IF($C7="LT",Config!$F$5,Config!$F$17))/IF($C7="LT",Config!$G$5,Config!$G$17))) | W7: =IF(OR(K7=0,K7=""),"",ABS((K7-IF($C7="LT",Config!$F$6,Config!$F$18))/IF($C7="LT",Config!$G$6,Config!$G$18))) | X7: =IF(OR(L7=0,L7=""),"",ABS((L7-IF($C7="LT",Config!$F$7,Config!$F$19))/IF($C7="LT",Config!$G$7,Config!$G$19))) | Y7: =IF(OR(M7=0,M7=""),"",ABS((M7-IF($C7="LT",Config!$F$8,Config!$F$20))/IF($C7="LT",Config!$G$8,Config!$G$20))) | Z7: =IF(OR(N7=0,N7=""),"",ABS((N7-IF($C7="LT",Config!$F$9,Config!$F$21))/IF($C7="LT",Config!$G$9,Config!$G$21))) | AA7: =IF(OR(O7=0,O7=""),"",ABS((O7-IF($C7="LT",Config!$F$10,Config!$F$22))/IF($C7="LT",Config!$G$10,Config!$G$22))) | AB7: =IF(OR(P7=0,P7=""),"",ABS((P7-IF($C7="LT",Config!$F$11,Config!$F$23))/IF($C7="LT",Config!$G$11,Config!$G$23))) | AC7: =IF(OR(Q7=0,Q7=""),"",ABS((Q7-IF($C7="LT",Config!$F$12,Config!$F$24))/IF($C7="LT",Config!$G$12,Config!$G$24))) | AD7: =IF(OR(R7=0,R7=""),"",ABS((R7-IF($C7="LT",Config!$F$13,Config!$F$25))/IF($C7="LT",Config!$G$13,Config!$G$25)))
A8: 04M2225120168 | B8: CRS0000675 | C8: LT | D8: ALX440U-DS3B01 | E8: 46036 | F8: Fail | G8: 149.9 | H8: 90.6 | I8: -1957.8 | J8: 66.4 | K8: 0 | L8: 2.8 | M8: 0 | N8: 69.2 | O8: 114.94 | P8: 114.87 | Q8: 7.79 | R8: 8.25 | S8: =IF(OR(G8=0,G8=""),"",ABS((G8-IF($C8="LT",Config!$F$2,Config!$F$14))/IF($C8="LT",Config!$G$2,Config!$G$14))) | T8: =IF(OR(H8=0,H8=""),"",ABS((H8-IF($C8="LT",Config!$F$3,Config!$F$15))/IF($C8="LT",Config!$G$3,Config!$G$15))) | U8: =IF(OR(I8=0,I8=""),"",ABS((I8-IF($C8="LT",Config!$F$4,Config!$F$16))/IF($C8="LT",Config!$G$4,Config!$G$16))) | V8: =IF(OR(J8=0,J8=""),"",ABS((J8-IF($C8="LT",Config!$F$5,Config!$F$17))/IF($C8="LT",Config!$G$5,Config!$G$17))) | W8: =IF(OR(K8=0,K8=""),"",ABS((K8-IF($C8="LT",Config!$F$6,Config!$F$18))/IF($C8="LT",Config!$G$6,Config!$G$18))) | X8: =IF(OR(L8=0,L8=""),"",ABS((L8-IF($C8="LT",Config!$F$7,Config!$F$19))/IF($C8="LT",Config!$G$7,Config!$G$19))) | Y8: =IF(OR(M8=0,M8=""),"",ABS((M8-IF($C8="LT",Config!$F$8,Config!$F$20))/IF($C8="LT",Config!$G$8,Config!$G$20))) | Z8: =IF(OR(N8=0,N8=""),"",ABS((N8-IF($C8="LT",Config!$F$9,Config!$F$21))/IF($C8="LT",Config!$G$9,Config!$G$21))) | AA8: =IF(OR(O8=0,O8=""),"",ABS((O8-IF($C8="LT",Config!$F$10,Config!$F$22))/IF($C8="LT",Config!$G$10,Config!$G$22))) | AB8: =IF(OR(P8=0,P8=""),"",ABS((P8-IF($C8="LT",Config!$F$11,Config!$F$23))/IF($C8="LT",Config!$G$11,Config!$G$23))) | AC8: =IF(OR(Q8=0,Q8=""),"",ABS((Q8-IF($C8="LT",Config!$F$12,Config!$F$24))/IF($C8="LT",Config!$G$12,Config!$G$24))) | AD8: =IF(OR(R8=0,R8=""),"",ABS((R8-IF($C8="LT",Config!$F$13,Config!$F$25))/IF($C8="LT",Config!$G$13,Config!$G$25)))
A9: 04M2225120168 | B9: CRS0000675 | C9: LT | D9: ALX440U-DS3B01 | E9: 46038 | F9: Fail | G9: 145 | H9: 84.3 | I9: -1957.8 | J9: 63.7 | K9: 0 | L9: 8 | M9: 0 | N9: 71.7 | O9: 114.94 | P9: 114.72 | Q9: 7.01 | R9: 7.25 | S9: =IF(OR(G9=0,G9=""),"",ABS((G9-IF($C9="LT",Config!$F$2,Config!$F$14))/IF($C9="LT",Config!$G$2,Config!$G$14))) | T9: =IF(OR(H9=0,H9=""),"",ABS((H9-IF($C9="LT",Config!$F$3,Config!$F$15))/IF($C9="LT",Config!$G$3,Config!$G$15))) | U9: =IF(OR(I9=0,I9=""),"",ABS((I9-IF($C9="LT",Config!$F$4,Config!$F$16))/IF($C9="LT",Config!$G$4,Config!$G$16))) | V9: =IF(OR(J9=0,J9=""),"",ABS((J9-IF($C9="LT",Config!$F$5,Config!$F$17))/IF($C9="LT",Config!$G$5,Config!$G$17))) | W9: =IF(OR(K9=0,K9=""),"",ABS((K9-IF($C9="LT",Config!$F$6,Config!$F$18))/IF($C9="LT",Config!$G$6,Config!$G$18))) | X9: =IF(OR(L9=0,L9=""),"",ABS((L9-IF($C9="LT",Config!$F$7,Config!$F$19))/IF($C9="LT",Config!$G$7,Config!$G$19))) | Y9: =IF(OR(M9=0,M9=""),"",ABS((M9-IF($C9="LT",Config!$F$8,Config!$F$20))/IF($C9="LT",Config!$G$8,Config!$G$20))) | Z9: =IF(OR(N9=0,N9=""),"",ABS((N9-IF($C9="LT",Config!$F$9,Config!$F$21))/IF($C9="LT",Config!$G$9,Config!$G$21))) | AA9: =IF(OR(O9=0,O9=""),"",ABS((O9-IF($C9="LT",Config!$F$10,Config!$F$22))/IF($C9="LT",Config!$G$10,Config!$G$22))) | AB9: =IF(OR(P9=0,P9=""),"",ABS((P9-IF($C9="LT",Config!$F$11,Config!$F$23))/IF($C9="LT",Config!$G$11,Config!$G$23))) | AC9: =IF(OR(Q9=0,Q9=""),"",ABS((Q9-IF($C9="LT",Config!$F$12,Config!$F$24))/IF($C9="LT",Config!$G$12,Config!$G$24))) | AD9: =IF(OR(R9=0,R9=""),"",ABS((R9-IF($C9="LT",Config!$F$13,Config!$F$25))/IF($C9="LT",Config!$G$13,Config!$G$25)))
A10: 04M2225120168 | B10: CRS0000675 | C10: LT | D10: ALX440U-DS3B01 | E10: 46038 | F10: Fail | G10: 148.1 | H10: 86.1 | I10: -1957.8 | J10: 63.7 | K10: 0 | L10: 8.1 | M10: 0 | N10: 71.8 | O10: 114.87 | P10: 114.8 | Q10: 7.23 | R10: 7.45 | S10: =IF(OR(G10=0,G10=""),"",ABS((G10-IF($C10="LT",Config!$F$2,Config!$F$14))/IF($C10="LT",Config!$G$2,Config!$G$14))) | T10: =IF(OR(H10=0,H10=""),"",ABS((H10-IF($C10="LT",Config!$F$3,Config!$F$15))/IF($C10="LT",Config!$G$3,Config!$G$15))) | U10: =IF(OR(I10=0,I10=""),"",ABS((I10-IF($C10="LT",Config!$F$4,Config!$F$16))/IF($C10="LT",Config!$G$4,Config!$G$16))) | V10: =IF(OR(J10=0,J10=""),"",ABS((J10-IF($C10="LT",Config!$F$5,Config!$F$17))/IF($C10="LT",Config!$G$5,Config!$G$17))) | W10: =IF(OR(K10=0,K10=""),"",ABS((K10-IF($C10="LT",Config!$F$6,Config!$F$18))/IF($C10="LT",Config!$G$6,Config!$G$18))) | X10: =IF(OR(L10=0,L10=""),"",ABS((L10-IF($C10="LT",Config!$F$7,Config!$F$19))/IF($C10="LT",Config!$G$7,Config!$G$19))) | Y10: =IF(OR(M10=0,M10=""),"",ABS((M10-IF($C10="LT",Config!$F$8,Config!$F$20))/IF($C10="LT",Config!$G$8,Config!$G$20))) | Z10: =IF(OR(N10=0,N10=""),"",ABS((N10-IF($C10="LT",Config!$F$9,Config!$F$21))/IF($C10="LT",Config!$G$9,Config!$G$21))) | AA10: =IF(OR(O10=0,O10=""),"",ABS((O10-IF($C10="LT",Config!$F$10,Config!$F$22))/IF($C10="LT",Config!$G$10,Config!$G$22))) | AB10: =IF(OR(P10=0,P10=""),"",ABS((P10-IF($C10="LT",Config!$F$11,Config!$F$23))/IF($C10="LT",Config!$G$11,Config!$G$23))) | AC10: =IF(OR(Q10=0,Q10=""),"",ABS((Q10-IF($C10="LT",Config!$F$12,Config!$F$24))/IF($C10="LT",Config!$G$12,Config!$G$24))) | AD10: =IF(OR(R10=0,R10=""),"",ABS((R10-IF($C10="LT",Config!$F$13,Config!$F$25))/IF($C10="LT",Config!$G$13,Config!$G$25)))
A11: 04M2225120168 | B11: CRS0000675 | C11: LT | D11: ALX440U-DS3B01 | E11: 46038 | F11: Fail | G11: 140.5 | H11: 93.3 | I11: -1957.8 | J11: -1952 | K11: 0 | L11: 2024 | M11: 0 | N11: 72 | O11: 111.79 | P11: 113.62 | Q11: 7.96 | R11: 7.93 | S11: =IF(OR(G11=0,G11=""),"",ABS((G11-IF($C11="LT",Config!$F$2,Config!$F$14))/IF($C11="LT",Config!$G$2,Config!$G$14))) | T11: =IF(OR(H11=0,H11=""),"",ABS((H11-IF($C11="LT",Config!$F$3,Config!$F$15))/IF($C11="LT",Config!$G$3,Config!$G$15))) | U11: =IF(OR(I11=0,I11=""),"",ABS((I11-IF($C11="LT",Config!$F$4,Config!$F$16))/IF($C11="LT",Config!$G$4,Config!$G$16))) | V11: =IF(OR(J11=0,J11=""),"",ABS((J11-IF($C11="LT",Config!$F$5,Config!$F$17))/IF($C11="LT",Config!$G$5,Config!$G$17))) | W11: =IF(OR(K11=0,K11=""),"",ABS((K11-IF($C11="LT",Config!$F$6,Config!$F$18))/IF($C11="LT",Config!$G$6,Config!$G$18))) | X11: =IF(OR(L11=0,L11=""),"",ABS((L11-IF($C11="LT",Config!$F$7,Config!$F$19))/IF($C11="LT",Config!$G$7,Config!$G$19))) | Y11: =IF(OR(M11=0,M11=""),"",ABS((M11-IF($C11="LT",Config!$F$8,Config!$F$20))/IF($C11="LT",Config!$G$8,Config!$G$20))) | Z11: =IF(OR(N11=0,N11=""),"",ABS((N11-IF($C11="LT",Config!$F$9,Config!$F$21))/IF($C11="LT",Config!$G$9,Config!$G$21))) | AA11: =IF(OR(O11=0,O11=""),"",ABS((O11-IF($C11="LT",Config!$F$10,Config!$F$22))/IF($C11="LT",Config!$G$10,Config!$G$22))) | AB11: =IF(OR(P11=0,P11=""),"",ABS((P11-IF($C11="LT",Config!$F$11,Config!$F$23))/IF($C11="LT",Config!$G$11,Config!$G$23))) | AC11: =IF(OR(Q11=0,Q11=""),"",ABS((Q11-IF($C11="LT",Config!$F$12,Config!$F$24))/IF($C11="LT",Config!$G$12,Config!$G$24))) | AD11: =IF(OR(R11=0,R11=""),"",ABS((R11-IF($C11="LT",Config!$F$13,Config!$F$25))/IF($C11="LT",Config!$G$13,Config!$G$25)))
A12: 04M2225120168 | B12: CRS0000675 | C12: LT | D12: ALX440U-DS3B01 | E12: 46038 | F12: Fail | G12: 138.8 | H12: 91.5 | I12: -1957.8 | J12: -1952 | K12: 0 | L12: 2022.7 | M12: 0 | N12: 70.7 | O12: 115.16 | P12: 115.16 | Q12: 7.64 | R12: 7.76 | S12: =IF(OR(G12=0,G12=""),"",ABS((G12-IF($C12="LT",Config!$F$2,Config!$F$14))/IF($C12="LT",Config!$G$2,Config!$G$14))) | T12: =IF(OR(H12=0,H12=""),"",ABS((H12-IF($C12="LT",Config!$F$3,Config!$F$15))/IF($C12="LT",Config!$G$3,Config!$G$15))) | U12: =IF(OR(I12=0,I12=""),"",ABS((I12-IF($C12="LT",Config!$F$4,Config!$F$16))/IF($C12="LT",Config!$G$4,Config!$G$16))) | V12: =IF(OR(J12=0,J12=""),"",ABS((J12-IF($C12="LT",Config!$F$5,Config!$F$17))/IF($C12="LT",Config!$G$5,Config!$G$17))) | W12: =IF(OR(K12=0,K12=""),"",ABS((K12-IF($C12="LT",Config!$F$6,Config!$F$18))/IF($C12="LT",Config!$G$6,Config!$G$18))) | X12: =IF(OR(L12=0,L12=""),"",ABS((L12-IF($C12="LT",Config!$F$7,Config!$F$19))/IF($C12="LT",Config!$G$7,Config!$G$19))) | Y12: =IF(OR(M12=0,M12=""),"",ABS((M12-IF($C12="LT",Config!$F$8,Config!$F$20))/IF($C12="LT",Config!$G$8,Config!$G$20))) | Z12: =IF(OR(N12=0,N12=""),"",ABS((N12-IF($C12="LT",Config!$F$9,Config!$F$21))/IF($C12="LT",Config!$G$9,Config!$G$21))) | AA12: =IF(OR(O12=0,O12=""),"",ABS((O12-IF($C12="LT",Config!$F$10,Config!$F$22))/IF($C12="LT",Config!$G$10,Config!$G$22))) | AB12: =IF(OR(P12=0,P12=""),"",ABS((P12-IF($C12="LT",Config!$F$11,Config!$F$23))/IF($C12="LT",Config!$G$11,Config!$G$23))) | AC12: =IF(OR(Q12=0,Q12=""),"",ABS((Q12-IF($C12="LT",Config!$F$12,Config!$F$24))/IF($C12="LT",Config!$G$12,Config!$G$24))) | AD12: =IF(OR(R12=0,R12=""),"",ABS((R12-IF($C12="LT",Config!$F$13,Config!$F$25))/IF($C12="LT",Config!$G$13,Config!$G$25)))
A13: 04M2225120168 | B13: CRS0000675 | C13: LT | D13: ALX440U-DS3B01 | E13: 46041 | F13: Fail | G13: 154.4 | H13: 89.7 | I13: -1957.8 | J13: 63.3 | K13: 0 | L13: 3 | M13: 0 | N13: 66.3 | O13: 111.5 | P13: 112.74 | Q13: 8.33 | R13: 8.62 | S13: =IF(OR(G13=0,G13=""),"",ABS((G13-IF($C13="LT",Config!$F$2,Config!$F$14))/IF($C13="LT",Config!$G$2,Config!$G$14))) | T13: =IF(OR(H13=0,H13=""),"",ABS((H13-IF($C13="LT",Config!$F$3,Config!$F$15))/IF($C13="LT",Config!$G$3,Config!$G$15))) | U13: =IF(OR(I13=0,I13=""),"",ABS((I13-IF($C13="LT",Config!$F$4,Config!$F$16))/IF($C13="LT",Config!$G$4,Config!$G$16))) | V13: =IF(OR(J13=0,J13=""),"",ABS((J13-IF($C13="LT",Config!$F$5,Config!$F$17))/IF($C13="LT",Config!$G$5,Config!$G$17))) | W13: =IF(OR(K13=0,K13=""),"",ABS((K13-IF($C13="LT",Config!$F$6,Config!$F$18))/IF($C13="LT",Config!$G$6,Config!$G$18))) | X13: =IF(OR(L13=0,L13=""),"",ABS((L13-IF($C13="LT",Config!$F$7,Config!$F$19))/IF($C13="LT",Config!$G$7,Config!$G$19))) | Y13: =IF(OR(M13=0,M13=""),"",ABS((M13-IF($C13="LT",Config!$F$8,Config!$F$20))/IF($C13="LT",Config!$G$8,Config!$G$20))) | Z13: =IF(OR(N13=0,N13=""),"",ABS((N13-IF($C13="LT",Config!$F$9,Config!$F$21))/IF($C13="LT",Config!$G$9,Config!$G$21))) | AA13: =IF(OR(O13=0,O13=""),"",ABS((O13-IF($C13="LT",Config!$F$10,Config!$F$22))/IF($C13="LT",Config!$G$10,Config!$G$22))) | AB13: =IF(OR(P13=0,P13=""),"",ABS((P13-IF($C13="LT",Config!$F$11,Config!$F$23))/IF($C13="LT",Config!$G$11,Config!$G$23))) | AC13: =IF(OR(Q13=0,Q13=""),"",ABS((Q13-IF($C13="LT",Config!$F$12,Config!$F$24))/IF($C13="LT",Config!$G$12,Config!$G$24))) | AD13: =IF(OR(R13=0,R13=""),"",ABS((R13-IF($C13="LT",Config!$F$13,Config!$F$25))/IF($C13="LT",Config!$G$13,Config!$G$25)))
... A941: 04D1426121371 | B941: CRS0000674 | C941: MT | D941: TCX413U-DS1B01 | E941: 46136 | F941: Pass | G941: 119.1 | H941: 79.8 | I941: -1957.8 | J941: 70.8 | K941: 0 | L941: 0.8 | M941: 0 | N941: 70 | O941: 112.08 | P941: 116.7 | Q941: 3.71 | R941: 3.71 | S941: =IF(OR(G941=0,G941=""),"",ABS((G941-IF($C941="LT",Config!$F$2,Config!$F$14))/IF($C941="LT",Config!$G$2,Config!$G$14))) | T941: =IF(OR(H941=0,H941=""),"",ABS((H941-IF($C941="LT",Config!$F$3,Config!$F$15))/IF($C941="LT",Config!$G$3,Config!$G$15))) | U941: =IF(OR(I941=0,I941=""),"",ABS((I941-IF($C941="LT",Config!$F$4,Config!$F$16))/IF($C941="LT",Config!$G$4,Config!$G$16))) | V941: =IF(OR(J941=0,J941=""),"",ABS((J941-IF($C941="LT",Config!$F$5,Config!$F$17))/IF($C941="LT",Config!$G$5,Config!$G$17))) | W941: =IF(OR(K941=0,K941=""),"",ABS((K941-IF($C941="LT",Config!$F$6,Config!$F$18))/IF($C941="LT",Config!$G$6,Config!$G$18))) | X941: =IF(OR(L941=0,L941=""),"",ABS((L941-IF($C941="LT",Config!$F$7,Config!$F$19))/IF($C941="LT",Config!$G$7,Config!$G$19))) | Y941: =IF(OR(M941=0,M941=""),"",ABS((M941-IF($C941="LT",Config!$F$8,Config!$F$20))/IF($C941="LT",Config!$G$8,Config!$G$20))) | Z941: =IF(OR(N941=0,N941=""),"",ABS((N941-IF($C941="LT",Config!$F$9,Config!$F$21))/IF($C941="LT",Config!$G$9,Config!$G$21))) | AA941: =IF(OR(O941=0,O941=""),"",ABS((O941-IF($C941="LT",Config!$F$10,Config!$F$22))/IF($C941="LT",Config!$G$10,Config!$G$22))) | AB941: =IF(OR(P941=0,P941=""),"",ABS((P941-IF($C941="LT",Config!$F$11,Config!$F$23))/IF($C941="LT",Config!$G$11,Config!$G$23))) | AC941: =IF(OR(Q941=0,Q941=""),"",ABS((Q941-IF($C941="LT",Config!$F$12,Config!$F$24))/IF($C941="LT",Config!$G$12,Config!$G$24))) | AD941: =IF(OR(R941=0,R941=""),"",ABS((R941-IF($C941="LT",Config!$F$13,Config!$F$25))/IF($C941="LT",Config!$G$13,Config!$G$25)))

Sheet Config
A1: Unit | B1: Measurement | C1: RawDataCol | D1: n_all | E1: n_pass | F1: Mean_pass | G1: StdDev_pass | H1: Min_all | I1: Max_all | J1: BinWidth | K1: BinStart
A2: LT | B2: Suction Tube Temp | C2: G | D2: =COUNTIFS(RawData!$C$2:$C$941,"LT",RawData!$G$2:$G$941,"<>0") | E2: =COUNTIFS(RawData!$C$2:$C$941,"LT",RawData!$F$2:$F$941,"Pass",RawData!$G$2:$G$941,"<>0") | F2: =IFERROR(AVERAGEIFS(RawData!$G$2:$G$941,RawData!$C$2:$C$941,"LT",RawData!$F$2:$F$941,"Pass",RawData!$G$2:$G$941,"<>0"),0) | G2: =IFERROR(SQRT(SUMPRODUCT((RawData!$C$2:$C$941="LT")*(RawData!$F$2:$F$941="Pass")*(RawData!$G$2:$G$941<>0)*(RawData!$G$2:$G$941-$F2)^2)/($E2-1)),0) | H2: {=FERROR(MIN(IF((RawData!$C$2:$C$941="LT")*(RawData!$G$2:$G$941<>0),RawData!$G$2:$G$941)),0)} | I2: {=FERROR(MAX(IF((RawData!$C$2:$C$941="LT")*(RawData!$G$2:$G$941<>0),RawData!$G$2:$G$941)),0)} | J2: =IFERROR(($I2-$H2+$G2)/30,1) | K2: =$H2-0.5*$G2
A3: LT | B3: Evap Inlet Ret Bend A | C3: H | D3: =COUNTIFS(RawData!$C$2:$C$941,"LT",RawData!$H$2:$H$941,"<>0") | E3: =COUNTIFS(RawData!$C$2:$C$941,"LT",RawData!$F$2:$F$941,"Pass",RawData!$H$2:$H$941,"<>0") | F3: =IFERROR(AVERAGEIFS(RawData!$H$2:$H$941,RawData!$C$2:$C$941,"LT",RawData!$F$2:$F$941,"Pass",RawData!$H$2:$H$941,"<>0"),0) | G3: =IFERROR(SQRT(SUMPRODUCT((RawData!$C$2:$C$941="LT")*(RawData!$F$2:$F$941="Pass")*(RawData!$H$2:$H$941<>0)*(RawData!$H$2:$H$941-$F3)^2)/($E3-1)),0) | H3: {=FERROR(MIN(IF((RawData!$C$2:$C$941="LT")*(RawData!$H$2:$H$941<>0),RawData!$H$2:$H$941)),0)} | I3: {=FERROR(MAX(IF((RawData!$C$2:$C$941="LT")*(RawData!$H$2:$H$941<>0),RawData!$H$2:$H$941)),0)} | J3: =IFERROR(($I3-$H3+$G3)/30,1) | K3: =$H3-0.5*$G3
A4: LT | B4: Evap Inlet Ret Bend B | C4: I | D4: =COUNTIFS(RawData!$C$2:$C$941,"LT",RawData!$I$2:$I$941,"<>0") | E4: =COUNTIFS(RawData!$C$2:$C$941,"LT",RawData!$F$2:$F$941,"Pass",RawData!$I$2:$I$941,"<>0") | F4: =IFERROR(AVERAGEIFS(RawData!$I$2:$I$941,RawData!$C$2:$C$941,"LT",RawData!$F$2:$F$941,"Pass",RawData!$I$2:$I$941,"<>0"),0) | G4: =IFERROR(SQRT(SUMPRODUCT((RawData!$C$2:$C$941="LT")*(RawData!$F$2:$F$941="Pass")*(RawData!$I$2:$I$941<>0)*(RawData!$I$2:$I$941-$F4)^2)/($E4-1)),0) | H4: {=FERROR(MIN(IF((RawData!$C$2:$C$941="LT")*(RawData!$I$2:$I$941<>0),RawData!$I$2:$I$941)),0)} | I4: {=FERROR(MAX(IF((RawData!$C$2:$C$941="LT")*(RawData!$I$2:$I$941<>0),RawData!$I$2:$I$941)),0)} | J4: =IFERROR(($I4-$H4+$G4)/30,1) | K4: =$H4-0.5*$G4
A5: LT | B5: Evap Outlet Air Temp | C5: J | D5: =COUNTIFS(RawData!$C$2:$C$941,"LT",RawData!$J$2:$J$941,"<>0") | E5: =COUNTIFS(RawData!$C$2:$C$941,"LT",RawData!$F$2:$F$941,"Pass",RawData!$J$2:$J$941,"<>0") | F5: =IFERROR(AVERAGEIFS(RawData!$J$2:$J$941,RawData!$C$2:$C$941,"LT",RawData!$F$2:$F$941,"Pass",RawData!$J$2:$J$941,"<>0"),0) | G5: =IFERROR(SQRT(SUMPRODUCT((RawData!$C$2:$C$941="LT")*(RawData!$F$2:$F$941="Pass")*(RawData!$J$2:$J$941<>0)*(RawData!$J$2:$J$941-$F5)^2)/($E5-1)),0) | H5: {=FERROR(MIN(IF((RawData!$C$2:$C$941="LT")*(RawData!$J$2:$J$941<>0),RawData!$J$2:$J$941)),0)} | I5: {=FERROR(MAX(IF((RawData!$C$2:$C$941="LT")*(RawData!$J$2:$J$941<>0),RawData!$J$2:$J$941)),0)} | J5: =IFERROR(($I5-$H5+$G5)/30,1) | K5: =$H5-0.5*$G5
A6: LT | B6: Evap B Outlet Air Temp | C6: K | D6: =COUNTIFS(RawData!$C$2:$C$941,"LT",RawData!$K$2:$K$941,"<>0") | E6: =COUNTIFS(RawData!$C$2:$C$941,"LT",RawData!$F$2:$F$941,"Pass",RawData!$K$2:$K$941,"<>0") | F6: =IFERROR(AVERAGEIFS(RawData!$K$2:$K$941,RawData!$C$2:$C$941,"LT",RawData!$F$2:$F$941,"Pass",RawData!$K$2:$K$941,"<>0"),0) | G6: =IFERROR(SQRT(SUMPRODUCT((RawData!$C$2:$C$941="LT")*(RawData!$F$2:$F$941="Pass")*(RawData!$K$2:$K$941<>0)*(RawData!$K$2:$K$941-$F6)^2)/($E6-1)),0) | H6: {=FERROR(MIN(IF((RawData!$C$2:$C$941="LT")*(RawData!$K$2:$K$941<>0),RawData!$K$2:$K$941)),0)} | I6: {=FERROR(MAX(IF((RawData!$C$2:$C$941="LT")*(RawData!$K$2:$K$941<>0),RawData!$K$2:$K$941)),0)} | J6: =IFERROR(($I6-$H6+$G6)/30,1) | K6: =$H6-0.5*$G6
A7: LT | B7: Inlet/Outlet Delta | C7: L | D7: =COUNTIFS(RawData!$C$2:$C$941,"LT",RawData!$L$2:$L$941,"<>0") | E7: =COUNTIFS(RawData!$C$2:$C$941,"LT",RawData!$F$2:$F$941,"Pass",RawData!$L$2:$L$941,"<>0") | F7: =IFERROR(AVERAGEIFS(RawData!$L$2:$L$941,RawData!$C$2:$C$941,"LT",RawData!$F$2:$F$941,"Pass",RawData!$L$2:$L$941,"<>0"),0) | G7: =IFERROR(SQRT(SUMPRODUCT((RawData!$C$2:$C$941="LT")*(RawData!$F$2:$F$941="Pass")*(RawData!$L$2:$L$941<>0)*(RawData!$L$2:$L$941-$F7)^2)/($E7-1)),0) | H7: {=FERROR(MIN(IF((RawData!$C$2:$C$941="LT")*(RawData!$L$2:$L$941<>0),RawData!$L$2:$L$941)),0)} | I7: {=FERROR(MAX(IF((RawData!$C$2:$C$941="LT")*(RawData!$L$2:$L$941<>0),RawData!$L$2:$L$941)),0)} | J7: =IFERROR(($I7-$H7+$G7)/30,1) | K7: =$H7-0.5*$G7
A8: LT | B8: Inlet/Outlet B Delta | C8: M | D8: =COUNTIFS(RawData!$C$2:$C$941,"LT",RawData!$M$2:$M$941,"<>0") | E8: =COUNTIFS(RawData!$C$2:$C$941,"LT",RawData!$F$2:$F$941,"Pass",RawData!$M$2:$M$941,"<>0") | F8: =IFERROR(AVERAGEIFS(RawData!$M$2:$M$941,RawData!$C$2:$C$941,"LT",RawData!$F$2:$F$941,"Pass",RawData!$M$2:$M$941,"<>0"),0) | G8: =IFERROR(SQRT(SUMPRODUCT((RawData!$C$2:$C$941="LT")*(RawData!$F$2:$F$941="Pass")*(RawData!$M$2:$M$941<>0)*(RawData!$M$2:$M$941-$F8)^2)/($E8-1)),0) | H8: {=FERROR(MIN(IF((RawData!$C$2:$C$941="LT")*(RawData!$M$2:$M$941<>0),RawData!$M$2:$M$941)),0)} | I8: {=FERROR(MAX(IF((RawData!$C$2:$C$941="LT")*(RawData!$M$2:$M$941<>0),RawData!$M$2:$M$941)),0)} | J8: =IFERROR(($I8-$H8+$G8)/30,1) | K8: =$H8-0.5*$G8
A9: LT | B9: Ambient Temp | C9: N | D9: =COUNTIFS(RawData!$C$2:$C$941,"LT",RawData!$N$2:$N$941,"<>0") | E9: =COUNTIFS(RawData!$C$2:$C$941,"LT",RawData!$F$2:$F$941,"Pass",RawData!$N$2:$N$941,"<>0") | F9: =IFERROR(AVERAGEIFS(RawData!$N$2:$N$941,RawData!$C$2:$C$941,"LT",RawData!$F$2:$F$941,"Pass",RawData!$N$2:$N$941,"<>0"),0) | G9: =IFERROR(SQRT(SUMPRODUCT((RawData!$C$2:$C$941="LT")*(RawData!$F$2:$F$941="Pass")*(RawData!$N$2:$N$941<>0)*(RawData!$N$2:$N$941-$F9)^2)/($E9-1)),0) | H9: {=FERROR(MIN(IF((RawData!$C$2:$C$941="LT")*(RawData!$N$2:$N$941<>0),RawData!$N$2:$N$941)),0)} | I9: {=FERROR(MAX(IF((RawData!$C$2:$C$941="LT")*(RawData!$N$2:$N$941<>0),RawData!$N$2:$N$941)),0)} | J9: =IFERROR(($I9-$H9+$G9)/30,1) | K9: =$H9-0.5*$G9
A10: LT | B10: Startup Voltage | C10: O | D10: =COUNTIFS(RawData!$C$2:$C$941,"LT",RawData!$O$2:$O$941,"<>0") | E10: =COUNTIFS(RawData!$C$2:$C$941,"LT",RawData!$F$2:$F$941,"Pass",RawData!$O$2:$O$941,"<>0") | F10: =IFERROR(AVERAGEIFS(RawData!$O$2:$O$941,RawData!$C$2:$C$941,"LT",RawData!$F$2:$F$941,"Pass",RawData!$O$2:$O$941,"<>0"),0) | G10: =IFERROR(SQRT(SUMPRODUCT((RawData!$C$2:$C$941="LT")*(RawData!$F$2:$F$941="Pass")*(RawData!$O$2:$O$941<>0)*(RawData!$O$2:$O$941-$F10)^2)/($E10-1)),0) | H10: {=FERROR(MIN(IF((RawData!$C$2:$C$941="LT")*(RawData!$O$2:$O$941<>0),RawData!$O$2:$O$941)),0)} | I10: {=FERROR(MAX(IF((RawData!$C$2:$C$941="LT")*(RawData!$O$2:$O$941<>0),RawData!$O$2:$O$941)),0)} | J10: =IFERROR(($I10-$H10+$G10)/30,1) | K10: =$H10-0.5*$G10
A11: LT | B11: Final Voltage | C11: P | D11: =COUNTIFS(RawData!$C$2:$C$941,"LT",RawData!$P$2:$P$941,"<>0") | E11: =COUNTIFS(RawData!$C$2:$C$941,"LT",RawData!$F$2:$F$941,"Pass",RawData!$P$2:$P$941,"<>0") | F11: =IFERROR(AVERAGEIFS(RawData!$P$2:$P$941,RawData!$C$2:$C$941,"LT",RawData!$F$2:$F$941,"Pass",RawData!$P$2:$P$941,"<>0"),0) | G11: =IFERROR(SQRT(SUMPRODUCT((RawData!$C$2:$C$941="LT")*(RawData!$F$2:$F$941="Pass")*(RawData!$P$2:$P$941<>0)*(RawData!$P$2:$P$941-$F11)^2)/($E11-1)),0) | H11: {=FERROR(MIN(IF((RawData!$C$2:$C$941="LT")*(RawData!$P$2:$P$941<>0),RawData!$P$2:$P$941)),0)} | I11: {=FERROR(MAX(IF((RawData!$C$2:$C$941="LT")*(RawData!$P$2:$P$941<>0),RawData!$P$2:$P$941)),0)} | J11: =IFERROR(($I11-$H11+$G11)/30,1) | K11: =$H11-0.5*$G11
A12: LT | B12: Startup Current | C12: Q | D12: =COUNTIFS(RawData!$C$2:$C$941,"LT",RawData!$Q$2:$Q$941,"<>0") | E12: =COUNTIFS(RawData!$C$2:$C$941,"LT",RawData!$F$2:$F$941,"Pass",RawData!$Q$2:$Q$941,"<>0") | F12: =IFERROR(AVERAGEIFS(RawData!$Q$2:$Q$941,RawData!$C$2:$C$941,"LT",RawData!$F$2:$F$941,"Pass",RawData!$Q$2:$Q$941,"<>0"),0) | G12: =IFERROR(SQRT(SUMPRODUCT((RawData!$C$2:$C$941="LT")*(RawData!$F$2:$F$941="Pass")*(RawData!$Q$2:$Q$941<>0)*(RawData!$Q$2:$Q$941-$F12)^2)/($E12-1)),0) | H12: {=FERROR(MIN(IF((RawData!$C$2:$C$941="LT")*(RawData!$Q$2:$Q$941<>0),RawData!$Q$2:$Q$941)),0)} | I12: {=FERROR(MAX(IF((RawData!$C$2:$C$941="LT")*(RawData!$Q$2:$Q$941<>0),RawData!$Q$2:$Q$941)),0)} | J12: =IFERROR(($I12-$H12+$G12)/30,1) | K12: =$H12-0.5*$G12
A13: LT | B13: Final Current | C13: R | D13: =COUNTIFS(RawData!$C$2:$C$941,"LT",RawData!$R$2:$R$941,"<>0") | E13: =COUNTIFS(RawData!$C$2:$C$941,"LT",RawData!$F$2:$F$941,"Pass",RawData!$R$2:$R$941,"<>0") | F13: =IFERROR(AVERAGEIFS(RawData!$R$2:$R$941,RawData!$C$2:$C$941,"LT",RawData!$F$2:$F$941,"Pass",RawData!$R$2:$R$941,"<>0"),0) | G13: =IFERROR(SQRT(SUMPRODUCT((RawData!$C$2:$C$941="LT")*(RawData!$F$2:$F$941="Pass")*(RawData!$R$2:$R$941<>0)*(RawData!$R$2:$R$941-$F13)^2)/($E13-1)),0) | H13: {=FERROR(MIN(IF((RawData!$C$2:$C$941="LT")*(RawData!$R$2:$R$941<>0),RawData!$R$2:$R$941)),0)} | I13: {=FERROR(MAX(IF((RawData!$C$2:$C$941="LT")*(RawData!$R$2:$R$941<>0),RawData!$R$2:$R$941)),0)} | J13: =IFERROR(($I13-$H13+$G13)/30,1) | K13: =$H13-0.5*$G13
A14: MT | B14: Suction Tube Temp | C14: G | D14: =COUNTIFS(RawData!$C$2:$C$941,"MT",RawData!$G$2:$G$941,"<>0") | E14: =COUNTIFS(RawData!$C$2:$C$941,"MT",RawData!$F$2:$F$941,"Pass",RawData!$G$2:$G$941,"<>0") | F14: =IFERROR(AVERAGEIFS(RawData!$G$2:$G$941,RawData!$C$2:$C$941,"MT",RawData!$F$2:$F$941,"Pass",RawData!$G$2:$G$941,"<>0"),0) | G14: =IFERROR(SQRT(SUMPRODUCT((RawData!$C$2:$C$941="MT")*(RawData!$F$2:$F$941="Pass")*(RawData!$G$2:$G$941<>0)*(RawData!$G$2:$G$941-$F14)^2)/($E14-1)),0) | H14: {=FERROR(MIN(IF((RawData!$C$2:$C$941="MT")*(RawData!$G$2:$G$941<>0),RawData!$G$2:$G$941)),0)} | I14: {=FERROR(MAX(IF((RawData!$C$2:$C$941="MT")*(RawData!$G$2:$G$941<>0),RawData!$G$2:$G$941)),0)} | J14: =IFERROR(($I14-$H14+$G14)/30,1) | K14: =$H14-0.5*$G14
A15: MT | B15: Evap Inlet Ret Bend A | C15: H | D15: =COUNTIFS(RawData!$C$2:$C$941,"MT",RawData!$H$2:$H$941,"<>0") | E15: =COUNTIFS(RawData!$C$2:$C$941,"MT",RawData!$F$2:$F$941,"Pass",RawData!$H$2:$H$941,"<>0") | F15: =IFERROR(AVERAGEIFS(RawData!$H$2:$H$941,RawData!$C$2:$C$941,"MT",RawData!$F$2:$F$941,"Pass",RawData!$H$2:$H$941,"<>0"),0) | G15: =IFERROR(SQRT(SUMPRODUCT((RawData!$C$2:$C$941="MT")*(RawData!$F$2:$F$941="Pass")*(RawData!$H$2:$H$941<>0)*(RawData!$H$2:$H$941-$F15)^2)/($E15-1)),0) | H15: {=FERROR(MIN(IF((RawData!$C$2:$C$941="MT")*(RawData!$H$2:$H$941<>0),RawData!$H$2:$H$941)),0)} | I15: {=FERROR(MAX(IF((RawData!$C$2:$C$941="MT")*(RawData!$H$2:$H$941<>0),RawData!$H$2:$H$941)),0)} | J15: =IFERROR(($I15-$H15+$G15)/30,1) | K15: =$H15-0.5*$G15
A16: MT | B16: Evap Inlet Ret Bend B | C16: I | D16: =COUNTIFS(RawData!$C$2:$C$941,"MT",RawData!$I$2:$I$941,"<>0") | E16: =COUNTIFS(RawData!$C$2:$C$941,"MT",RawData!$F$2:$F$941,"Pass",RawData!$I$2:$I$941,"<>0") | F16: =IFERROR(AVERAGEIFS(RawData!$I$2:$I$941,RawData!$C$2:$C$941,"MT",RawData!$F$2:$F$941,"Pass",RawData!$I$2:$I$941,"<>0"),0) | G16: =IFERROR(SQRT(SUMPRODUCT((RawData!$C$2:$C$941="MT")*(RawData!$F$2:$F$941="Pass")*(RawData!$I$2:$I$941<>0)*(RawData!$I$2:$I$941-$F16)^2)/($E16-1)),0) | H16: {=FERROR(MIN(IF((RawData!$C$2:$C$941="MT")*(RawData!$I$2:$I$941<>0),RawData!$I$2:$I$941)),0)} | I16: {=FERROR(MAX(IF((RawData!$C$2:$C$941="MT")*(RawData!$I$2:$I$941<>0),RawData!$I$2:$I$941)),0)} | J16: =IFERROR(($I16-$H16+$G16)/30,1) | K16: =$H16-0.5*$G16
A17: MT | B17: Evap Outlet Air Temp | C17: J | D17: =COUNTIFS(RawData!$C$2:$C$941,"MT",RawData!$J$2:$J$941,"<>0") | E17: =COUNTIFS(RawData!$C$2:$C$941,"MT",RawData!$F$2:$F$941,"Pass",RawData!$J$2:$J$941,"<>0") | F17: =IFERROR(AVERAGEIFS(RawData!$J$2:$J$941,RawData!$C$2:$C$941,"MT",RawData!$F$2:$F$941,"Pass",RawData!$J$2:$J$941,"<>0"),0) | G17: =IFERROR(SQRT(SUMPRODUCT((RawData!$C$2:$C$941="MT")*(RawData!$F$2:$F$941="Pass")*(RawData!$J$2:$J$941<>0)*(RawData!$J$2:$J$941-$F17)^2)/($E17-1)),0) | H17: {=FERROR(MIN(IF((RawData!$C$2:$C$941="MT")*(RawData!$J$2:$J$941<>0),RawData!$J$2:$J$941)),0)} | I17: {=FERROR(MAX(IF((RawData!$C$2:$C$941="MT")*(RawData!$J$2:$J$941<>0),RawData!$J$2:$J$941)),0)} | J17: =IFERROR(($I17-$H17+$G17)/30,1) | K17: =$H17-0.5*$G17
A18: MT | B18: Evap B Outlet Air Temp | C18: K | D18: =COUNTIFS(RawData!$C$2:$C$941,"MT",RawData!$K$2:$K$941,"<>0") | E18: =COUNTIFS(RawData!$C$2:$C$941,"MT",RawData!$F$2:$F$941,"Pass",RawData!$K$2:$K$941,"<>0") | F18: =IFERROR(AVERAGEIFS(RawData!$K$2:$K$941,RawData!$C$2:$C$941,"MT",RawData!$F$2:$F$941,"Pass",RawData!$K$2:$K$941,"<>0"),0) | G18: =IFERROR(SQRT(SUMPRODUCT((RawData!$C$2:$C$941="MT")*(RawData!$F$2:$F$941="Pass")*(RawData!$K$2:$K$941<>0)*(RawData!$K$2:$K$941-$F18)^2)/($E18-1)),0) | H18: {=FERROR(MIN(IF((RawData!$C$2:$C$941="MT")*(RawData!$K$2:$K$941<>0),RawData!$K$2:$K$941)),0)} | I18: {=FERROR(MAX(IF((RawData!$C$2:$C$941="MT")*(RawData!$K$2:$K$941<>0),RawData!$K$2:$K$941)),0)} | J18: =IFERROR(($I18-$H18+$G18)/30,1) | K18: =$H18-0.5*$G18
A19: MT | B19: Inlet/Outlet Delta | C19: L | D19: =COUNTIFS(RawData!$C$2:$C$941,"MT",RawData!$L$2:$L$941,"<>0") | E19: =COUNTIFS(RawData!$C$2:$C$941,"MT",RawData!$F$2:$F$941,"Pass",RawData!$L$2:$L$941,"<>0") | F19: =IFERROR(AVERAGEIFS(RawData!$L$2:$L$941,RawData!$C$2:$C$941,"MT",RawData!$F$2:$F$941,"Pass",RawData!$L$2:$L$941,"<>0"),0) | G19: =IFERROR(SQRT(SUMPRODUCT((RawData!$C$2:$C$941="MT")*(RawData!$F$2:$F$941="Pass")*(RawData!$L$2:$L$941<>0)*(RawData!$L$2:$L$941-$F19)^2)/($E19-1)),0) | H19: {=FERROR(MIN(IF((RawData!$C$2:$C$941="MT")*(RawData!$L$2:$L$941<>0),RawData!$L$2:$L$941)),0)} | I19: {=FERROR(MAX(IF((RawData!$C$2:$C$941="MT")*(RawData!$L$2:$L$941<>0),RawData!$L$2:$L$941)),0)} | J19: =IFERROR(($I19-$H19+$G19)/30,1) | K19: =$H19-0.5*$G19
A20: MT | B20: Inlet/Outlet B Delta | C20: M | D20: =COUNTIFS(RawData!$C$2:$C$941,"MT",RawData!$M$2:$M$941,"<>0") | E20: =COUNTIFS(RawData!$C$2:$C$941,"MT",RawData!$F$2:$F$941,"Pass",RawData!$M$2:$M$941,"<>0") | F20: =IFERROR(AVERAGEIFS(RawData!$M$2:$M$941,RawData!$C$2:$C$941,"MT",RawData!$F$2:$F$941,"Pass",RawData!$M$2:$M$941,"<>0"),0) | G20: =IFERROR(SQRT(SUMPRODUCT((RawData!$C$2:$C$941="MT")*(RawData!$F$2:$F$941="Pass")*(RawData!$M$2:$M$941<>0)*(RawData!$M$2:$M$941-$F20)^2)/($E20-1)),0) | H20: {=FERROR(MIN(IF((RawData!$C$2:$C$941="MT")*(RawData!$M$2:$M$941<>0),RawData!$M$2:$M$941)),0)} | I20: {=FERROR(MAX(IF((RawData!$C$2:$C$941="MT")*(RawData!$M$2:$M$941<>0),RawData!$M$2:$M$941)),0)} | J20: =IFERROR(($I20-$H20+$G20)/30,1) | K20: =$H20-0.5*$G20
A21: MT | B21: Ambient Temp | C21: N | D21: =COUNTIFS(RawData!$C$2:$C$941,"MT",RawData!$N$2:$N$941,"<>0") | E21: =COUNTIFS(RawData!$C$2:$C$941,"MT",RawData!$F$2:$F$941,"Pass",RawData!$N$2:$N$941,"<>0") | F21: =IFERROR(AVERAGEIFS(RawData!$N$2:$N$941,RawData!$C$2:$C$941,"MT",RawData!$F$2:$F$941,"Pass",RawData!$N$2:$N$941,"<>0"),0) | G21: =IFERROR(SQRT(SUMPRODUCT((RawData!$C$2:$C$941="MT")*(RawData!$F$2:$F$941="Pass")*(RawData!$N$2:$N$941<>0)*(RawData!$N$2:$N$941-$F21)^2)/($E21-1)),0) | H21: {=FERROR(MIN(IF((RawData!$C$2:$C$941="MT")*(RawData!$N$2:$N$941<>0),RawData!$N$2:$N$941)),0)} | I21: {=FERROR(MAX(IF((RawData!$C$2:$C$941="MT")*(RawData!$N$2:$N$941<>0),RawData!$N$2:$N$941)),0)} | J21: =IFERROR(($I21-$H21+$G21)/30,1) | K21: =$H21-0.5*$G21
A22: MT | B22: Startup Voltage | C22: O | D22: =COUNTIFS(RawData!$C$2:$C$941,"MT",RawData!$O$2:$O$941,"<>0") | E22: =COUNTIFS(RawData!$C$2:$C$941,"MT",RawData!$F$2:$F$941,"Pass",RawData!$O$2:$O$941,"<>0") | F22: =IFERROR(AVERAGEIFS(RawData!$O$2:$O$941,RawData!$C$2:$C$941,"MT",RawData!$F$2:$F$941,"Pass",RawData!$O$2:$O$941,"<>0"),0) | G22: =IFERROR(SQRT(SUMPRODUCT((RawData!$C$2:$C$941="MT")*(RawData!$F$2:$F$941="Pass")*(RawData!$O$2:$O$941<>0)*(RawData!$O$2:$O$941-$F22)^2)/($E22-1)),0) | H22: {=FERROR(MIN(IF((RawData!$C$2:$C$941="MT")*(RawData!$O$2:$O$941<>0),RawData!$O$2:$O$941)),0)} | I22: {=FERROR(MAX(IF((RawData!$C$2:$C$941="MT")*(RawData!$O$2:$O$941<>0),RawData!$O$2:$O$941)),0)} | J22: =IFERROR(($I22-$H22+$G22)/30,1) | K22: =$H22-0.5*$G22
A23: MT | B23: Final Voltage | C23: P | D23: =COUNTIFS(RawData!$C$2:$C$941,"MT",RawData!$P$2:$P$941,"<>0") | E23: =COUNTIFS(RawData!$C$2:$C$941,"MT",RawData!$F$2:$F$941,"Pass",RawData!$P$2:$P$941,"<>0") | F23: =IFERROR(AVERAGEIFS(RawData!$P$2:$P$941,RawData!$C$2:$C$941,"MT",RawData!$F$2:$F$941,"Pass",RawData!$P$2:$P$941,"<>0"),0) | G23: =IFERROR(SQRT(SUMPRODUCT((RawData!$C$2:$C$941="MT")*(RawData!$F$2:$F$941="Pass")*(RawData!$P$2:$P$941<>0)*(RawData!$P$2:$P$941-$F23)^2)/($E23-1)),0) | H23: {=FERROR(MIN(IF((RawData!$C$2:$C$941="MT")*(RawData!$P$2:$P$941<>0),RawData!$P$2:$P$941)),0)} | I23: {=FERROR(MAX(IF((RawData!$C$2:$C$941="MT")*(RawData!$P$2:$P$941<>0),RawData!$P$2:$P$941)),0)} | J23: =IFERROR(($I23-$H23+$G23)/30,1) | K23: =$H23-0.5*$G23
A24: MT | B24: Startup Current | C24: Q | D24: =COUNTIFS(RawData!$C$2:$C$941,"MT",RawData!$Q$2:$Q$941,"<>0") | E24: =COUNTIFS(RawData!$C$2:$C$941,"MT",RawData!$F$2:$F$941,"Pass",RawData!$Q$2:$Q$941,"<>0") | F24: =IFERROR(AVERAGEIFS(RawData!$Q$2:$Q$941,RawData!$C$2:$C$941,"MT",RawData!$F$2:$F$941,"Pass",RawData!$Q$2:$Q$941,"<>0"),0) | G24: =IFERROR(SQRT(SUMPRODUCT((RawData!$C$2:$C$941="MT")*(RawData!$F$2:$F$941="Pass")*(RawData!$Q$2:$Q$941<>0)*(RawData!$Q$2:$Q$941-$F24)^2)/($E24-1)),0) | H24: {=FERROR(MIN(IF((RawData!$C$2:$C$941="MT")*(RawData!$Q$2:$Q$941<>0),RawData!$Q$2:$Q$941)),0)} | I24: {=FERROR(MAX(IF((RawData!$C$2:$C$941="MT")*(RawData!$Q$2:$Q$941<>0),RawData!$Q$2:$Q$941)),0)} | J24: =IFERROR(($I24-$H24+$G24)/30,1) | K24: =$H24-0.5*$G24
A25: MT | B25: Final Current | C25: R | D25: =COUNTIFS(RawData!$C$2:$C$941,"MT",RawData!$R$2:$R$941,"<>0") | E25: =COUNTIFS(RawData!$C$2:$C$941,"MT",RawData!$F$2:$F$941,"Pass",RawData!$R$2:$R$941,"<>0") | F25: =IFERROR(AVERAGEIFS(RawData!$R$2:$R$941,RawData!$C$2:$C$941,"MT",RawData!$F$2:$F$941,"Pass",RawData!$R$2:$R$941,"<>0"),0) | G25: =IFERROR(SQRT(SUMPRODUCT((RawData!$C$2:$C$941="MT")*(RawData!$F$2:$F$941="Pass")*(RawData!$R$2:$R$941<>0)*(RawData!$R$2:$R$941-$F25)^2)/($E25-1)),0) | H25: {=FERROR(MIN(IF((RawData!$C$2:$C$941="MT")*(RawData!$R$2:$R$941<>0),RawData!$R$2:$R$941)),0)} | I25: {=FERROR(MAX(IF((RawData!$C$2:$C$941="MT")*(RawData!$R$2:$R$941<>0),RawData!$R$2:$R$941)),0)} | J25: =IFERROR(($I25-$H25+$G25)/30,1) | K25: =$H25-0.5*$G25

Sheet LT_HistData
A1: BinCenter | B1: BinLo | C1: BinHi | D1: TotalCount | E1: Normal | F1: Warning(2-3s) | G1: Outlier(>3s) | H1: CurveY
A2: =Config!$K$2+0*Config!$J$2+Config!$J$2/2 | B2: =$A2-Config!$J$2/2 | C2: =$A2+Config!$J$2/2 | D2: =COUNTIFS(RawData!$C$2:$C$941,"LT",RawData!$G$2:$G$941,">="&$B2,RawData!$G$2:$G$941,"<"&$C2,RawData!$G$2:$G$941,"<>0") | E2: =IF(Config!$G$2=0,0,IF(ABS(($A2-Config!$F$2)/Config!$G$2)<=2,$D2,0)) | F2: =IF(Config!$G$2=0,0,IF(AND(ABS(($A2-Config!$F$2)/Config!$G$2)>2,ABS(($A2-Config!$F$2)/Config!$G$2)<=3),$D2,0)) | G2: =IF(Config!$G$2=0,0,IF(ABS(($A2-Config!$F$2)/Config!$G$2)>3,$D2,0)) | H2: =IFERROR(NORM.DIST($A2,Config!$F$2,Config!$G$2,FALSE)*Config!$D$2*Config!$J$2,0)
A3: =Config!$K$2+1*Config!$J$2+Config!$J$2/2 | B3: =$A3-Config!$J$2/2 | C3: =$A3+Config!$J$2/2 | D3: =COUNTIFS(RawData!$C$2:$C$941,"LT",RawData!$G$2:$G$941,">="&$B3,RawData!$G$2:$G$941,"<"&$C3,RawData!$G$2:$G$941,"<>0") | E3: =IF(Config!$G$2=0,0,IF(ABS(($A3-Config!$F$2)/Config!$G$2)<=2,$D3,0)) | F3: =IF(Config!$G$2=0,0,IF(AND(ABS(($A3-Config!$F$2)/Config!$G$2)>2,ABS(($A3-Config!$F$2)/Config!$G$2)<=3),$D3,0)) | G3: =IF(Config!$G$2=0,0,IF(ABS(($A3-Config!$F$2)/Config!$G$2)>3,$D3,0)) | H3: =IFERROR(NORM.DIST($A3,Config!$F$2,Config!$G$2,FALSE)*Config!$D$2*Config!$J$2,0)
A4: =Config!$K$2+2*Config!$J$2+Config!$J$2/2 | B4: =$A4-Config!$J$2/2 | C4: =$A4+Config!$J$2/2 | D4: =COUNTIFS(RawData!$C$2:$C$941,"LT",RawData!$G$2:$G$941,">="&$B4,RawData!$G$2:$G$941,"<"&$C4,RawData!$G$2:$G$941,"<>0") | E4: =IF(Config!$G$2=0,0,IF(ABS(($A4-Config!$F$2)/Config!$G$2)<=2,$D4,0)) | F4: =IF(Config!$G$2=0,0,IF(AND(ABS(($A4-Config!$F$2)/Config!$G$2)>2,ABS(($A4-Config!$F$2)/Config!$G$2)<=3),$D4,0)) | G4: =IF(Config!$G$2=0,0,IF(ABS(($A4-Config!$F$2)/Config!$G$2)>3,$D4,0)) | H4: =IFERROR(NORM.DIST($A4,Config!$F$2,Config!$G$2,FALSE)*Config!$D$2*Config!$J$2,0)
A5: =Config!$K$2+3*Config!$J$2+Config!$J$2/2 | B5: =$A5-Config!$J$2/2 | C5: =$A5+Config!$J$2/2 | D5: =COUNTIFS(RawData!$C$2:$C$941,"LT",RawData!$G$2:$G$941,">="&$B5,RawData!$G$2:$G$941,"<"&$C5,RawData!$G$2:$G$941,"<>0") | E5: =IF(Config!$G$2=0,0,IF(ABS(($A5-Config!$F$2)/Config!$G$2)<=2,$D5,0)) | F5: =IF(Config!$G$2=0,0,IF(AND(ABS(($A5-Config!$F$2)/Config!$G$2)>2,ABS(($A5-Config!$F$2)/Config!$G$2)<=3),$D5,0)) | G5: =IF(Config!$G$2=0,0,IF(ABS(($A5-Config!$F$2)/Config!$G$2)>3,$D5,0)) | H5: =IFERROR(NORM.DIST($A5,Config!$F$2,Config!$G$2,FALSE)*Config!$D$2*Config!$J$2,0)
A6: =Config!$K$2+4*Config!$J$2+Config!$J$2/2 | B6: =$A6-Config!$J$2/2 | C6: =$A6+Config!$J$2/2 | D6: =COUNTIFS(RawData!$C$2:$C$941,"LT",RawData!$G$2:$G$941,">="&$B6,RawData!$G$2:$G$941,"<"&$C6,RawData!$G$2:$G$941,"<>0") | E6: =IF(Config!$G$2=0,0,IF(ABS(($A6-Config!$F$2)/Config!$G$2)<=2,$D6,0)) | F6: =IF(Config!$G$2=0,0,IF(AND(ABS(($A6-Config!$F$2)/Config!$G$2)>2,ABS(($A6-Config!$F$2)/Config!$G$2)<=3),$D6,0)) | G6: =IF(Config!$G$2=0,0,IF(ABS(($A6-Config!$F$2)/Config!$G$2)>3,$D6,0)) | H6: =IFERROR(NORM.DIST($A6,Config!$F$2,Config!$G$2,FALSE)*Config!$D$2*Config!$J$2,0)
A7: =Config!$K$2+5*Config!$J$2+Config!$J$2/2 | B7: =$A7-Config!$J$2/2 | C7: =$A7+Config!$J$2/2 | D7: =COUNTIFS(RawData!$C$2:$C$941,"LT",RawData!$G$2:$G$941,">="&$B7,RawData!$G$2:$G$941,"<"&$C7,RawData!$G$2:$G$941,"<>0") | E7: =IF(Config!$G$2=0,0,IF(ABS(($A7-Config!$F$2)/Config!$G$2)<=2,$D7,0)) | F7: =IF(Config!$G$2=0,0,IF(AND(ABS(($A7-Config!$F$2)/Config!$G$2)>2,ABS(($A7-Config!$F$2)/Config!$G$2)<=3),$D7,0)) | G7: =IF(Config!$G$2=0,0,IF(ABS(($A7-Config!$F$2)/Config!$G$2)>3,$D7,0)) | H7: =IFERROR(NORM.DIST($A7,Config!$F$2,Config!$G$2,FALSE)*Config!$D$2*Config!$J$2,0)
A8: =Config!$K$2+6*Config!$J$2+Config!$J$2/2 | B8: =$A8-Config!$J$2/2 | C8: =$A8+Config!$J$2/2 | D8: =COUNTIFS(RawData!$C$2:$C$941,"LT",RawData!$G$2:$G$941,">="&$B8,RawData!$G$2:$G$941,"<"&$C8,RawData!$G$2:$G$941,"<>0") | E8: =IF(Config!$G$2=0,0,IF(ABS(($A8-Config!$F$2)/Config!$G$2)<=2,$D8,0)) | F8: =IF(Config!$G$2=0,0,IF(AND(ABS(($A8-Config!$F$2)/Config!$G$2)>2,ABS(($A8-Config!$F$2)/Config!$G$2)<=3),$D8,0)) | G8: =IF(Config!$G$2=0,0,IF(ABS(($A8-Config!$F$2)/Config!$G$2)>3,$D8,0)) | H8: =IFERROR(NORM.DIST($A8,Config!$F$2,Config!$G$2,FALSE)*Config!$D$2*Config!$J$2,0)
A9: =Config!$K$2+7*Config!$J$2+Config!$J$2/2 | B9: =$A9-Config!$J$2/2 | C9: =$A9+Config!$J$2/2 | D9: =COUNTIFS(RawData!$C$2:$C$941,"LT",RawData!$G$2:$G$941,">="&$B9,RawData!$G$2:$G$941,"<"&$C9,RawData!$G$2:$G$941,"<>0") | E9: =IF(Config!$G$2=0,0,IF(ABS(($A9-Config!$F$2)/Config!$G$2)<=2,$D9,0)) | F9: =IF(Config!$G$2=0,0,IF(AND(ABS(($A9-Config!$F$2)/Config!$G$2)>2,ABS(($A9-Config!$F$2)/Config!$G$2)<=3),$D9,0)) | G9: =IF(Config!$G$2=0,0,IF(ABS(($A9-Config!$F$2)/Config!$G$2)>3,$D9,0)) | H9: =IFERROR(NORM.DIST($A9,Config!$F$2,Config!$G$2,FALSE)*Config!$D$2*Config!$J$2,0)
A10: =Config!$K$2+8*Config!$J$2+Config!$J$2/2 | B10: =$A10-Config!$J$2/2 | C10: =$A10+Config!$J$2/2 | D10: =COUNTIFS(RawData!$C$2:$C$941,"LT",RawData!$G$2:$G$941,">="&$B10,RawData!$G$2:$G$941,"<"&$C10,RawData!$G$2:$G$941,"<>0") | E10: =IF(Config!$G$2=0,0,IF(ABS(($A10-Config!$F$2)/Config!$G$2)<=2,$D10,0)) | F10: =IF(Config!$G$2=0,0,IF(AND(ABS(($A10-Config!$F$2)/Config!$G$2)>2,ABS(($A10-Config!$F$2)/Config!$G$2)<=3),$D10,0)) | G10: =IF(Config!$G$2=0,0,IF(ABS(($A10-Config!$F$2)/Config!$G$2)>3,$D10,0)) | H10: =IFERROR(NORM.DIST($A10,Config!$F$2,Config!$G$2,FALSE)*Config!$D$2*Config!$J$2,0)
A11: =Config!$K$2+9*Config!$J$2+Config!$J$2/2 | B11: =$A11-Config!$J$2/2 | C11: =$A11+Config!$J$2/2 | D11: =COUNTIFS(RawData!$C$2:$C$941,"LT",RawData!$G$2:$G$941,">="&$B11,RawData!$G$2:$G$941,"<"&$C11,RawData!$G$2:$G$941,"<>0") | E11: =IF(Config!$G$2=0,0,IF(ABS(($A11-Config!$F$2)/Config!$G$2)<=2,$D11,0)) | F11: =IF(Config!$G$2=0,0,IF(AND(ABS(($A11-Config!$F$2)/Config!$G$2)>2,ABS(($A11-Config!$F$2)/Config!$G$2)<=3),$D11,0)) | G11: =IF(Config!$G$2=0,0,IF(ABS(($A11-Config!$F$2)/Config!$G$2)>3,$D11,0)) | H11: =IFERROR(NORM.DIST($A11,Config!$F$2,Config!$G$2,FALSE)*Config!$D$2*Config!$J$2,0)
A12: =Config!$K$2+10*Config!$J$2+Config!$J$2/2 | B12: =$A12-Config!$J$2/2 | C12: =$A12+Config!$J$2/2 | D12: =COUNTIFS(RawData!$C$2:$C$941,"LT",RawData!$G$2:$G$941,">="&$B12,RawData!$G$2:$G$941,"<"&$C12,RawData!$G$2:$G$941,"<>0") | E12: =IF(Config!$G$2=0,0,IF(ABS(($A12-Config!$F$2)/Config!$G$2)<=2,$D12,0)) | F12: =IF(Config!$G$2=0,0,IF(AND(ABS(($A12-Config!$F$2)/Config!$G$2)>2,ABS(($A12-Config!$F$2)/Config!$G$2)<=3),$D12,0)) | G12: =IF(Config!$G$2=0,0,IF(ABS(($A12-Config!$F$2)/Config!$G$2)>3,$D12,0)) | H12: =IFERROR(NORM.DIST($A12,Config!$F$2,Config!$G$2,FALSE)*Config!$D$2*Config!$J$2,0)
A13: =Config!$K$2+11*Config!$J$2+Config!$J$2/2 | B13: =$A13-Config!$J$2/2 | C13: =$A13+Config!$J$2/2 | D13: =COUNTIFS(RawData!$C$2:$C$941,"LT",RawData!$G$2:$G$941,">="&$B13,RawData!$G$2:$G$941,"<"&$C13,RawData!$G$2:$G$941,"<>0") | E13: =IF(Config!$G$2=0,0,IF(ABS(($A13-Config!$F$2)/Config!$G$2)<=2,$D13,0)) | F13: =IF(Config!$G$2=0,0,IF(AND(ABS(($A13-Config!$F$2)/Config!$G$2)>2,ABS(($A13-Config!$F$2)/Config!$G$2)<=3),$D13,0)) | G13: =IF(Config!$G$2=0,0,IF(ABS(($A13-Config!$F$2)/Config!$G$2)>3,$D13,0)) | H13: =IFERROR(NORM.DIST($A13,Config!$F$2,Config!$G$2,FALSE)*Config!$D$2*Config!$J$2,0)
A14: =Config!$K$2+12*Config!$J$2+Config!$J$2/2 | B14: =$A14-Config!$J$2/2 | C14: =$A14+Config!$J$2/2 | D14: =COUNTIFS(RawData!$C$2:$C$941,"LT",RawData!$G$2:$G$941,">="&$B14,RawData!$G$2:$G$941,"<"&$C14,RawData!$G$2:$G$941,"<>0") | E14: =IF(Config!$G$2=0,0,IF(ABS(($A14-Config!$F$2)/Config!$G$2)<=2,$D14,0)) | F14: =IF(Config!$G$2=0,0,IF(AND(ABS(($A14-Config!$F$2)/Config!$G$2)>2,ABS(($A14-Config!$F$2)/Config!$G$2)<=3),$D14,0)) | G14: =IF(Config!$G$2=0,0,IF(ABS(($A14-Config!$F$2)/Config!$G$2)>3,$D14,0)) | H14: =IFERROR(NORM.DIST($A14,Config!$F$2,Config!$G$2,FALSE)*Config!$D$2*Config!$J$2,0)
A15: =Config!$K$2+13*Config!$J$2+Config!$J$2/2 | B15: =$A15-Config!$J$2/2 | C15: =$A15+Config!$J$2/2 | D15: =COUNTIFS(RawData!$C$2:$C$941,"LT",RawData!$G$2:$G$941,">="&$B15,RawData!$G$2:$G$941,"<"&$C15,RawData!$G$2:$G$941,"<>0") | E15: =IF(Config!$G$2=0,0,IF(ABS(($A15-Config!$F$2)/Config!$G$2)<=2,$D15,0)) | F15: =IF(Config!$G$2=0,0,IF(AND(ABS(($A15-Config!$F$2)/Config!$G$2)>2,ABS(($A15-Config!$F$2)/Config!$G$2)<=3),$D15,0)) | G15: =IF(Config!$G$2=0,0,IF(ABS(($A15-Config!$F$2)/Config!$G$2)>3,$D15,0)) | H15: =IFERROR(NORM.DIST($A15,Config!$F$2,Config!$G$2,FALSE)*Config!$D$2*Config!$J$2,0)
A16: =Config!$K$2+14*Config!$J$2+Config!$J$2/2 | B16: =$A16-Config!$J$2/2 | C16: =$A16+Config!$J$2/2 | D16: =COUNTIFS(RawData!$C$2:$C$941,"LT",RawData!$G$2:$G$941,">="&$B16,RawData!$G$2:$G$941,"<"&$C16,RawData!$G$2:$G$941,"<>0") | E16: =IF(Config!$G$2=0,0,IF(ABS(($A16-Config!$F$2)/Config!$G$2)<=2,$D16,0)) | F16: =IF(Config!$G$2=0,0,IF(AND(ABS(($A16-Config!$F$2)/Config!$G$2)>2,ABS(($A16-Config!$F$2)/Config!$G$2)<=3),$D16,0)) | G16: =IF(Config!$G$2=0,0,IF(ABS(($A16-Config!$F$2)/Config!$G$2)>3,$D16,0)) | H16: =IFERROR(NORM.DIST($A16,Config!$F$2,Config!$G$2,FALSE)*Config!$D$2*Config!$J$2,0)
A17: =Config!$K$2+15*Config!$J$2+Config!$J$2/2 | B17: =$A17-Config!$J$2/2 | C17: =$A17+Config!$J$2/2 | D17: =COUNTIFS(RawData!$C$2:$C$941,"LT",RawData!$G$2:$G$941,">="&$B17,RawData!$G$2:$G$941,"<"&$C17,RawData!$G$2:$G$941,"<>0") | E17: =IF(Config!$G$2=0,0,IF(ABS(($A17-Config!$F$2)/Config!$G$2)<=2,$D17,0)) | F17: =IF(Config!$G$2=0,0,IF(AND(ABS(($A17-Config!$F$2)/Config!$G$2)>2,ABS(($A17-Config!$F$2)/Config!$G$2)<=3),$D17,0)) | G17: =IF(Config!$G$2=0,0,IF(ABS(($A17-Config!$F$2)/Config!$G$2)>3,$D17,0)) | H17: =IFERROR(NORM.DIST($A17,Config!$F$2,Config!$G$2,FALSE)*Config!$D$2*Config!$J$2,0)
A18: =Config!$K$2+16*Config!$J$2+Config!$J$2/2 | B18: =$A18-Config!$J$2/2 | C18: =$A18+Config!$J$2/2 | D18: =COUNTIFS(RawData!$C$2:$C$941,"LT",RawData!$G$2:$G$941,">="&$B18,RawData!$G$2:$G$941,"<"&$C18,RawData!$G$2:$G$941,"<>0") | E18: =IF(Config!$G$2=0,0,IF(ABS(($A18-Config!$F$2)/Config!$G$2)<=2,$D18,0)) | F18: =IF(Config!$G$2=0,0,IF(AND(ABS(($A18-Config!$F$2)/Config!$G$2)>2,ABS(($A18-Config!$F$2)/Config!$G$2)<=3),$D18,0)) | G18: =IF(Config!$G$2=0,0,IF(ABS(($A18-Config!$F$2)/Config!$G$2)>3,$D18,0)) | H18: =IFERROR(NORM.DIST($A18,Config!$F$2,Config!$G$2,FALSE)*Config!$D$2*Config!$J$2,0)
A19: =Config!$K$2+17*Config!$J$2+Config!$J$2/2 | B19: =$A19-Config!$J$2/2 | C19: =$A19+Config!$J$2/2 | D19: =COUNTIFS(RawData!$C$2:$C$941,"LT",RawData!$G$2:$G$941,">="&$B19,RawData!$G$2:$G$941,"<"&$C19,RawData!$G$2:$G$941,"<>0") | E19: =IF(Config!$G$2=0,0,IF(ABS(($A19-Config!$F$2)/Config!$G$2)<=2,$D19,0)) | F19: =IF(Config!$G$2=0,0,IF(AND(ABS(($A19-Config!$F$2)/Config!$G$2)>2,ABS(($A19-Config!$F$2)/Config!$G$2)<=3),$D19,0)) | G19: =IF(Config!$G$2=0,0,IF(ABS(($A19-Config!$F$2)/Config!$G$2)>3,$D19,0)) | H19: =IFERROR(NORM.DIST($A19,Config!$F$2,Config!$G$2,FALSE)*Config!$D$2*Config!$J$2,0)
A20: =Config!$K$2+18*Config!$J$2+Config!$J$2/2 | B20: =$A20-Config!$J$2/2 | C20: =$A20+Config!$J$2/2 | D20: =COUNTIFS(RawData!$C$2:$C$941,"LT",RawData!$G$2:$G$941,">="&$B20,RawData!$G$2:$G$941,"<"&$C20,RawData!$G$2:$G$941,"<>0") | E20: =IF(Config!$G$2=0,0,IF(ABS(($A20-Config!$F$2)/Config!$G$2)<=2,$D20,0)) | F20: =IF(Config!$G$2=0,0,IF(AND(ABS(($A20-Config!$F$2)/Config!$G$2)>2,ABS(($A20-Config!$F$2)/Config!$G$2)<=3),$D20,0)) | G20: =IF(Config!$G$2=0,0,IF(ABS(($A20-Config!$F$2)/Config!$G$2)>3,$D20,0)) | H20: =IFERROR(NORM.DIST($A20,Config!$F$2,Config!$G$2,FALSE)*Config!$D$2*Config!$J$2,0)
A21: =Config!$K$2+19*Config!$J$2+Config!$J$2/2 | B21: =$A21-Config!$J$2/2 | C21: =$A21+Config!$J$2/2 | D21: =COUNTIFS(RawData!$C$2:$C$941,"LT",RawData!$G$2:$G$941,">="&$B21,RawData!$G$2:$G$941,"<"&$C21,RawData!$G$2:$G$941,"<>0") | E21: =IF(Config!$G$2=0,0,IF(ABS(($A21-Config!$F$2)/Config!$G$2)<=2,$D21,0)) | F21: =IF(Config!$G$2=0,0,IF(AND(ABS(($A21-Config!$F$2)/Config!$G$2)>2,ABS(($A21-Config!$F$2)/Config!$G$2)<=3),$D21,0)) | G21: =IF(Config!$G$2=0,0,IF(ABS(($A21-Config!$F$2)/Config!$G$2)>3,$D21,0)) | H21: =IFERROR(NORM.DIST($A21,Config!$F$2,Config!$G$2,FALSE)*Config!$D$2*Config!$J$2,0)
A22: =Config!$K$2+20*Config!$J$2+Config!$J$2/2 | B22: =$A22-Config!$J$2/2 | C22: =$A22+Config!$J$2/2 | D22: =COUNTIFS(RawData!$C$2:$C$941,"LT",RawData!$G$2:$G$941,">="&$B22,RawData!$G$2:$G$941,"<"&$C22,RawData!$G$2:$G$941,"<>0") | E22: =IF(Config!$G$2=0,0,IF(ABS(($A22-Config!$F$2)/Config!$G$2)<=2,$D22,0)) | F22: =IF(Config!$G$2=0,0,IF(AND(ABS(($A22-Config!$F$2)/Config!$G$2)>2,ABS(($A22-Config!$F$2)/Config!$G$2)<=3),$D22,0)) | G22: =IF(Config!$G$2=0,0,IF(ABS(($A22-Config!$F$2)/Config!$G$2)>3,$D22,0)) | H22: =IFERROR(NORM.DIST($A22,Config!$F$2,Config!$G$2,FALSE)*Config!$D$2*Config!$J$2,0)
A23: =Config!$K$2+21*Config!$J$2+Config!$J$2/2 | B23: =$A23-Config!$J$2/2 | C23: =$A23+Config!$J$2/2 | D23: =COUNTIFS(RawData!$C$2:$C$941,"LT",RawData!$G$2:$G$941,">="&$B23,RawData!$G$2:$G$941,"<"&$C23,RawData!$G$2:$G$941,"<>0") | E23: =IF(Config!$G$2=0,0,IF(ABS(($A23-Config!$F$2)/Config!$G$2)<=2,$D23,0)) | F23: =IF(Config!$G$2=0,0,IF(AND(ABS(($A23-Config!$F$2)/Config!$G$2)>2,ABS(($A23-Config!$F$2)/Config!$G$2)<=3),$D23,0)) | G23: =IF(Config!$G$2=0,0,IF(ABS(($A23-Config!$F$2)/Config!$G$2)>3,$D23,0)) | H23: =IFERROR(NORM.DIST($A23,Config!$F$2,Config!$G$2,FALSE)*Config!$D$2*Config!$J$2,0)
A24: =Config!$K$2+22*Config!$J$2+Config!$J$2/2 | B24: =$A24-Config!$J$2/2 | C24: =$A24+Config!$J$2/2 | D24: =COUNTIFS(RawData!$C$2:$C$941,"LT",RawData!$G$2:$G$941,">="&$B24,RawData!$G$2:$G$941,"<"&$C24,RawData!$G$2:$G$941,"<>0") | E24: =IF(Config!$G$2=0,0,IF(ABS(($A24-Config!$F$2)/Config!$G$2)<=2,$D24,0)) | F24: =IF(Config!$G$2=0,0,IF(AND(ABS(($A24-Config!$F$2)/Config!$G$2)>2,ABS(($A24-Config!$F$2)/Config!$G$2)<=3),$D24,0)) | G24: =IF(Config!$G$2=0,0,IF(ABS(($A24-Config!$F$2)/Config!$G$2)>3,$D24,0)) | H24: =IFERROR(NORM.DIST($A24,Config!$F$2,Config!$G$2,FALSE)*Config!$D$2*Config!$J$2,0)
A25: =Config!$K$2+23*Config!$J$2+Config!$J$2/2 | B25: =$A25-Config!$J$2/2 | C25: =$A25+Config!$J$2/2 | D25: =COUNTIFS(RawData!$C$2:$C$941,"LT",RawData!$G$2:$G$941,">="&$B25,RawData!$G$2:$G$941,"<"&$C25,RawData!$G$2:$G$941,"<>0") | E25: =IF(Config!$G$2=0,0,IF(ABS(($A25-Config!$F$2)/Config!$G$2)<=2,$D25,0)) | F25: =IF(Config!$G$2=0,0,IF(AND(ABS(($A25-Config!$F$2)/Config!$G$2)>2,ABS(($A25-Config!$F$2)/Config!$G$2)<=3),$D25,0)) | G25: =IF(Config!$G$2=0,0,IF(ABS(($A25-Config!$F$2)/Config!$G$2)>3,$D25,0)) | H25: =IFERROR(NORM.DIST($A25,Config!$F$2,Config!$G$2,FALSE)*Config!$D$2*Config!$J$2,0)
A26: =Config!$K$2+24*Config!$J$2+Config!$J$2/2 | B26: =$A26-Config!$J$2/2 | C26: =$A26+Config!$J$2/2 | D26: =COUNTIFS(RawData!$C$2:$C$941,"LT",RawData!$G$2:$G$941,">="&$B26,RawData!$G$2:$G$941,"<"&$C26,RawData!$G$2:$G$941,"<>0") | E26: =IF(Config!$G$2=0,0,IF(ABS(($A26-Config!$F$2)/Config!$G$2)<=2,$D26,0)) | F26: =IF(Config!$G$2=0,0,IF(AND(ABS(($A26-Config!$F$2)/Config!$G$2)>2,ABS(($A26-Config!$F$2)/Config!$G$2)<=3),$D26,0)) | G26: =IF(Config!$G$2=0,0,IF(ABS(($A26-Config!$F$2)/Config!$G$2)>3,$D26,0)) | H26: =IFERROR(NORM.DIST($A26,Config!$F$2,Config!$G$2,FALSE)*Config!$D$2*Config!$J$2,0)
A27: =Config!$K$2+25*Config!$J$2+Config!$J$2/2 | B27: =$A27-Config!$J$2/2 | C27: =$A27+Config!$J$2/2 | D27: =COUNTIFS(RawData!$C$2:$C$941,"LT",RawData!$G$2:$G$941,">="&$B27,RawData!$G$2:$G$941,"<"&$C27,RawData!$G$2:$G$941,"<>0") | E27: =IF(Config!$G$2=0,0,IF(ABS(($A27-Config!$F$2)/Config!$G$2)<=2,$D27,0)) | F27: =IF(Config!$G$2=0,0,IF(AND(ABS(($A27-Config!$F$2)/Config!$G$2)>2,ABS(($A27-Config!$F$2)/Config!$G$2)<=3),$D27,0)) | G27: =IF(Config!$G$2=0,0,IF(ABS(($A27-Config!$F$2)/Config!$G$2)>3,$D27,0)) | H27: =IFERROR(NORM.DIST($A27,Config!$F$2,Config!$G$2,FALSE)*Config!$D$2*Config!$J$2,0)
A28: =Config!$K$2+26*Config!$J$2+Config!$J$2/2 | B28: =$A28-Config!$J$2/2 | C28: =$A28+Config!$J$2/2 | D28: =COUNTIFS(RawData!$C$2:$C$941,"LT",RawData!$G$2:$G$941,">="&$B28,RawData!$G$2:$G$941,"<"&$C28,RawData!$G$2:$G$941,"<>0") | E28: =IF(Config!$G$2=0,0,IF(ABS(($A28-Config!$F$2)/Config!$G$2)<=2,$D28,0)) | F28: =IF(Config!$G$2=0,0,IF(AND(ABS(($A28-Config!$F$2)/Config!$G$2)>2,ABS(($A28-Config!$F$2)/Config!$G$2)<=3),$D28,0)) | G28: =IF(Config!$G$2=0,0,IF(ABS(($A28-Config!$F$2)/Config!$G$2)>3,$D28,0)) | H28: =IFERROR(NORM.DIST($A28,Config!$F$2,Config!$G$2,FALSE)*Config!$D$2*Config!$J$2,0)
A29: =Config!$K$2+27*Config!$J$2+Config!$J$2/2 | B29: =$A29-Config!$J$2/2 | C29: =$A29+Config!$J$2/2 | D29: =COUNTIFS(RawData!$C$2:$C$941,"LT",RawData!$G$2:$G$941,">="&$B29,RawData!$G$2:$G$941,"<"&$C29,RawData!$G$2:$G$941,"<>0") | E29: =IF(Config!$G$2=0,0,IF(ABS(($A29-Config!$F$2)/Config!$G$2)<=2,$D29,0)) | F29: =IF(Config!$G$2=0,0,IF(AND(ABS(($A29-Config!$F$2)/Config!$G$2)>2,ABS(($A29-Config!$F$2)/Config!$G$2)<=3),$D29,0)) | G29: =IF(Config!$G$2=0,0,IF(ABS(($A29-Config!$F$2)/Config!$G$2)>3,$D29,0)) | H29: =IFERROR(NORM.DIST($A29,Config!$F$2,Config!$G$2,FALSE)*Config!$D$2*Config!$J$2,0)
A30: =Config!$K$2+28*Config!$J$2+Config!$J$2/2 | B30: =$A30-Config!$J$2/2 | C30: =$A30+Config!$J$2/2 | D30: =COUNTIFS(RawData!$C$2:$C$941,"LT",RawData!$G$2:$G$941,">="&$B30,RawData!$G$2:$G$941,"<"&$C30,RawData!$G$2:$G$941,"<>0") | E30: =IF(Config!$G$2=0,0,IF(ABS(($A30-Config!$F$2)/Config!$G$2)<=2,$D30,0)) | F30: =IF(Config!$G$2=0,0,IF(AND(ABS(($A30-Config!$F$2)/Config!$G$2)>2,ABS(($A30-Config!$F$2)/Config!$G$2)<=3),$D30,0)) | G30: =IF(Config!$G$2=0,0,IF(ABS(($A30-Config!$F$2)/Config!$G$2)>3,$D30,0)) | H30: =IFERROR(NORM.DIST($A30,Config!$F$2,Config!$G$2,FALSE)*Config!$D$2*Config!$J$2,0)
A31: =Config!$K$2+29*Config!$J$2+Config!$J$2/2 | B31: =$A31-Config!$J$2/2 | C31: =$A31+Config!$J$2/2 | D31: =COUNTIFS(RawData!$C$2:$C$941,"LT",RawData!$G$2:$G$941,">="&$B31,RawData!$G$2:$G$941,"<"&$C31,RawData!$G$2:$G$941,"<>0") | E31: =IF(Config!$G$2=0,0,IF(ABS(($A31-Config!$F$2)/Config!$G$2)<=2,$D31,0)) | F31: =IF(Config!$G$2=0,0,IF(AND(ABS(($A31-Config!$F$2)/Config!$G$2)>2,ABS(($A31-Config!$F$2)/Config!$G$2)<=3),$D31,0)) | G31: =IF(Config!$G$2=0,0,IF(ABS(($A31-Config!$F$2)/Config!$G$2)>3,$D31,0)) | H31: =IFERROR(NORM.DIST($A31,Config!$F$2,Config!$G$2,FALSE)*Config!$D$2*Config!$J$2,0)
A33: BinCenter | B33: BinLo | C33: BinHi | D33: TotalCount | E33: Normal | F33: Warning(2-3s) | G33: Outlier(>3s) | H33: CurveY
A34: =Config!$K$3+0*Config!$J$3+Config!$J$3/2 | B34: =$A34-Config!$J$3/2 | C34: =$A34+Config!$J$3/2 | D34: =COUNTIFS(RawData!$C$2:$C$941,"LT",RawData!$H$2:$H$941,">="&$B34,RawData!$H$2:$H$941,"<"&$C34,RawData!$H$2:$H$941,"<>0") | E34: =IF(Config!$G$3=0,0,IF(ABS(($A34-Config!$F$3)/Config!$G$3)<=2,$D34,0)) | F34: =IF(Config!$G$3=0,0,IF(AND(ABS(($A34-Config!$F$3)/Config!$G$3)>2,ABS(($A34-Config!$F$3)/Config!$G$3)<=3),$D34,0)) | G34: =IF(Config!$G$3=0,0,IF(ABS(($A34-Config!$F$3)/Config!$G$3)>3,$D34,0)) | H34: =IFERROR(NORM.DIST($A34,Config!$F$3,Config!$G$3,FALSE)*Config!$D$3*Config!$J$3,0)
A35: =Config!$K$3+1*Config!$J$3+Config!$J$3/2 | B35: =$A35-Config!$J$3/2 | C35: =$A35+Config!$J$3/2 | D35: =COUNTIFS(RawData!$C$2:$C$941,"LT",RawData!$H$2:$H$941,">="&$B35,RawData!$H$2:$H$941,"<"&$C35,RawData!$H$2:$H$941,"<>0") | E35: =IF(Config!$G$3=0,0,IF(ABS(($A35-Config!$F$3)/Config!$G$3)<=2,$D35,0)) | F35: =IF(Config!$G$3=0,0,IF(AND(ABS(($A35-Config!$F$3)/Config!$G$3)>2,ABS(($A35-Config!$F$3)/Config!$G$3)<=3),$D35,0)) | G35: =IF(Config!$G$3=0,0,IF(ABS(($A35-Config!$F$3)/Config!$G$3)>3,$D35,0)) | H35: =IFERROR(NORM.DIST($A35,Config!$F$3,Config!$G$3,FALSE)*Config!$D$3*Config!$J$3,0)
A36: =Config!$K$3+2*Config!$J$3+Config!$J$3/2 | B36: =$A36-Config!$J$3/2 | C36: =$A36+Config!$J$3/2 | D36: =COUNTIFS(RawData!$C$2:$C$941,"LT",RawData!$H$2:$H$941,">="&$B36,RawData!$H$2:$H$941,"<"&$C36,RawData!$H$2:$H$941,"<>0") | E36: =IF(Config!$G$3=0,0,IF(ABS(($A36-Config!$F$3)/Config!$G$3)<=2,$D36,0)) | F36: =IF(Config!$G$3=0,0,IF(AND(ABS(($A36-Config!$F$3)/Config!$G$3)>2,ABS(($A36-Config!$F$3)/Config!$G$3)<=3),$D36,0)) | G36: =IF(Config!$G$3=0,0,IF(ABS(($A36-Config!$F$3)/Config!$G$3)>3,$D36,0)) | H36: =IFERROR(NORM.DIST($A36,Config!$F$3,Config!$G$3,FALSE)*Config!$D$3*Config!$J$3,0)
A37: =Config!$K$3+3*Config!$J$3+Config!$J$3/2 | B37: =$A37-Config!$J$3/2 | C37: =$A37+Config!$J$3/2 | D37: =COUNTIFS(RawData!$C$2:$C$941,"LT",RawData!$H$2:$H$941,">="&$B37,RawData!$H$2:$H$941,"<"&$C37,RawData!$H$2:$H$941,"<>0") | E37: =IF(Config!$G$3=0,0,IF(ABS(($A37-Config!$F$3)/Config!$G$3)<=2,$D37,0)) | F37: =IF(Config!$G$3=0,0,IF(AND(ABS(($A37-Config!$F$3)/Config!$G$3)>2,ABS(($A37-Config!$F$3)/Config!$G$3)<=3),$D37,0)) | G37: =IF(Config!$G$3=0,0,IF(ABS(($A37-Config!$F$3)/Config!$G$3)>3,$D37,0)) | H37: =IFERROR(NORM.DIST($A37,Config!$F$3,Config!$G$3,FALSE)*Config!$D$3*Config!$J$3,0)
A38: =Config!$K$3+4*Config!$J$3+Config!$J$3/2 | B38: =$A38-Config!$J$3/2 | C38: =$A38+Config!$J$3/2 | D38: =COUNTIFS(RawData!$C$2:$C$941,"LT",RawData!$H$2:$H$941,">="&$B38,RawData!$H$2:$H$941,"<"&$C38,RawData!$H$2:$H$941,"<>0") | E38: =IF(Config!$G$3=0,0,IF(ABS(($A38-Config!$F$3)/Config!$G$3)<=2,$D38,0)) | F38: =IF(Config!$G$3=0,0,IF(AND(ABS(($A38-Config!$F$3)/Config!$G$3)>2,ABS(($A38-Config!$F$3)/Config!$G$3)<=3),$D38,0)) | G38: =IF(Config!$G$3=0,0,IF(ABS(($A38-Config!$F$3)/Config!$G$3)>3,$D38,0)) | H38: =IFERROR(NORM.DIST($A38,Config!$F$3,Config!$G$3,FALSE)*Config!$D$3*Config!$J$3,0)
A39: =Config!$K$3+5*Config!$J$3+Config!$J$3/2 | B39: =$A39-Config!$J$3/2 | C39: =$A39+Config!$J$3/2 | D39: =COUNTIFS(RawData!$C$2:$C$941,"LT",RawData!$H$2:$H$941,">="&$B39,RawData!$H$2:$H$941,"<"&$C39,RawData!$H$2:$H$941,"<>0") | E39: =IF(Config!$G$3=0,0,IF(ABS(($A39-Config!$F$3)/Config!$G$3)<=2,$D39,0)) | F39: =IF(Config!$G$3=0,0,IF(AND(ABS(($A39-Config!$F$3)/Config!$G$3)>2,ABS(($A39-Config!$F$3)/Config!$G$3)<=3),$D39,0)) | G39: =IF(Config!$G$3=0,0,IF(ABS(($A39-Config!$F$3)/Config!$G$3)>3,$D39,0)) | H39: =IFERROR(NORM.DIST($A39,Config!$F$3,Config!$G$3,FALSE)*Config!$D$3*Config!$J$3,0)
A40: =Config!$K$3+6*Config!$J$3+Config!$J$3/2 | B40: =$A40-Config!$J$3/2 | C40: =$A40+Config!$J$3/2 | D40: =COUNTIFS(RawData!$C$2:$C$941,"LT",RawData!$H$2:$H$941,">="&$B40,RawData!$H$2:$H$941,"<"&$C40,RawData!$H$2:$H$941,"<>0") | E40: =IF(Config!$G$3=0,0,IF(ABS(($A40-Config!$F$3)/Config!$G$3)<=2,$D40,0)) | F40: =IF(Config!$G$3=0,0,IF(AND(ABS(($A40-Config!$F$3)/Config!$G$3)>2,ABS(($A40-Config!$F$3)/Config!$G$3)<=3),$D40,0)) | G40: =IF(Config!$G$3=0,0,IF(ABS(($A40-Config!$F$3)/Config!$G$3)>3,$D40,0)) | H40: =IFERROR(NORM.DIST($A40,Config!$F$3,Config!$G$3,FALSE)*Config!$D$3*Config!$J$3,0)
A41: =Config!$K$3+7*Config!$J$3+Config!$J$3/2 | B41: =$A41-Config!$J$3/2 | C41: =$A41+Config!$J$3/2 | D41: =COUNTIFS(RawData!$C$2:$C$941,"LT",RawData!$H$2:$H$941,">="&$B41,RawData!$H$2:$H$941,"<"&$C41,RawData!$H$2:$H$941,"<>0") | E41: =IF(Config!$G$3=0,0,IF(ABS(($A41-Config!$F$3)/Config!$G$3)<=2,$D41,0)) | F41: =IF(Config!$G$3=0,0,IF(AND(ABS(($A41-Config!$F$3)/Config!$G$3)>2,ABS(($A41-Config!$F$3)/Config!$G$3)<=3),$D41,0)) | G41: =IF(Config!$G$3=0,0,IF(ABS(($A41-Config!$F$3)/Config!$G$3)>3,$D41,0)) | H41: =IFERROR(NORM.DIST($A41,Config!$F$3,Config!$G$3,FALSE)*Config!$D$3*Config!$J$3,0)
A42: =Config!$K$3+8*Config!$J$3+Config!$J$3/2 | B42: =$A42-Config!$J$3/2 | C42: =$A42+Config!$J$3/2 | D42: =COUNTIFS(RawData!$C$2:$C$941,"LT",RawData!$H$2:$H$941,">="&$B42,RawData!$H$2:$H$941,"<"&$C42,RawData!$H$2:$H$941,"<>0") | E42: =IF(Config!$G$3=0,0,IF(ABS(($A42-Config!$F$3)/Config!$G$3)<=2,$D42,0)) | F42: =IF(Config!$G$3=0,0,IF(AND(ABS(($A42-Config!$F$3)/Config!$G$3)>2,ABS(($A42-Config!$F$3)/Config!$G$3)<=3),$D42,0)) | G42: =IF(Config!$G$3=0,0,IF(ABS(($A42-Config!$F$3)/Config!$G$3)>3,$D42,0)) | H42: =IFERROR(NORM.DIST($A42,Config!$F$3,Config!$G$3,FALSE)*Config!$D$3*Config!$J$3,0)
A43: =Config!$K$3+9*Config!$J$3+Config!$J$3/2 | B43: =$A43-Config!$J$3/2 | C43: =$A43+Config!$J$3/2 | D43: =COUNTIFS(RawData!$C$2:$C$941,"LT",RawData!$H$2:$H$941,">="&$B43,RawData!$H$2:$H$941,"<"&$C43,RawData!$H$2:$H$941,"<>0") | E43: =IF(Config!$G$3=0,0,IF(ABS(($A43-Config!$F$3)/Config!$G$3)<=2,$D43,0)) | F43: =IF(Config!$G$3=0,0,IF(AND(ABS(($A43-Config!$F$3)/Config!$G$3)>2,ABS(($A43-Config!$F$3)/Config!$G$3)<=3),$D43,0)) | G43: =IF(Config!$G$3=0,0,IF(ABS(($A43-Config!$F$3)/Config!$G$3)>3,$D43,0)) | H43: =IFERROR(NORM.DIST($A43,Config!$F$3,Config!$G$3,FALSE)*Config!$D$3*Config!$J$3,0)
A44: =Config!$K$3+10*Config!$J$3+Config!$J$3/2 | B44: =$A44-Config!$J$3/2 | C44: =$A44+Config!$J$3/2 | D44: =COUNTIFS(RawData!$C$2:$C$941,"LT",RawData!$H$2:$H$941,">="&$B44,RawData!$H$2:$H$941,"<"&$C44,RawData!$H$2:$H$941,"<>0") | E44: =IF(Config!$G$3=0,0,IF(ABS(($A44-Config!$F$3)/Config!$G$3)<=2,$D44,0)) | F44: =IF(Config!$G$3=0,0,IF(AND(ABS(($A44-Config!$F$3)/Config!$G$3)>2,ABS(($A44-Config!$F$3)/Config!$G$3)<=3),$D44,0)) | G44: =IF(Config!$G$3=0,0,IF(ABS(($A44-Config!$F$3)/Config!$G$3)>3,$D44,0)) | H44: =IFERROR(NORM.DIST($A44,Config!$F$3,Config!$G$3,FALSE)*Config!$D$3*Config!$J$3,0)
A45: =Config!$K$3+11*Config!$J$3+Config!$J$3/2 | B45: =$A45-Config!$J$3/2 | C45: =$A45+Config!$J$3/2 | D45: =COUNTIFS(RawData!$C$2:$C$941,"LT",RawData!$H$2:$H$941,">="&$B45,RawData!$H$2:$H$941,"<"&$C45,RawData!$H$2:$H$941,"<>0") | E45: =IF(Config!$G$3=0,0,IF(ABS(($A45-Config!$F$3)/Config!$G$3)<=2,$D45,0)) | F45: =IF(Config!$G$3=0,0,IF(AND(ABS(($A45-Config!$F$3)/Config!$G$3)>2,ABS(($A45-Config!$F$3)/Config!$G$3)<=3),$D45,0)) | G45: =IF(Config!$G$3=0,0,IF(ABS(($A45-Config!$F$3)/Config!$G$3)>3,$D45,0)) | H45: =IFERROR(NORM.DIST($A45,Config!$F$3,Config!$G$3,FALSE)*Config!$D$3*Config!$J$3,0)
A46: =Config!$K$3+12*Config!$J$3+Config!$J$3/2 | B46: =$A46-Config!$J$3/2 | C46: =$A46+Config!$J$3/2 | D46: =COUNTIFS(RawData!$C$2:$C$941,"LT",RawData!$H$2:$H$941,">="&$B46,RawData!$H$2:$H$941,"<"&$C46,RawData!$H$2:$H$941,"<>0") | E46: =IF(Config!$G$3=0,0,IF(ABS(($A46-Config!$F$3)/Config!$G$3)<=2,$D46,0)) | F46: =IF(Config!$G$3=0,0,IF(AND(ABS(($A46-Config!$F$3)/Config!$G$3)>2,ABS(($A46-Config!$F$3)/Config!$G$3)<=3),$D46,0)) | G46: =IF(Config!$G$3=0,0,IF(ABS(($A46-Config!$F$3)/Config!$G$3)>3,$D46,0)) | H46: =IFERROR(NORM.DIST($A46,Config!$F$3,Config!$G$3,FALSE)*Config!$D$3*Config!$J$3,0)
A47: =Config!$K$3+13*Config!$J$3+Config!$J$3/2 | B47: =$A47-Config!$J$3/2 | C47: =$A47+Config!$J$3/2 | D47: =COUNTIFS(RawData!$C$2:$C$941,"LT",RawData!$H$2:$H$941,">="&$B47,RawData!$H$2:$H$941,"<"&$C47,RawData!$H$2:$H$941,"<>0") | E47: =IF(Config!$G$3=0,0,IF(ABS(($A47-Config!$F$3)/Config!$G$3)<=2,$D47,0)) | F47: =IF(Config!$G$3=0,0,IF(AND(ABS(($A47-Config!$F$3)/Config!$G$3)>2,ABS(($A47-Config!$F$3)/Config!$G$3)<=3),$D47,0)) | G47: =IF(Config!$G$3=0,0,IF(ABS(($A47-Config!$F$3)/Config!$G$3)>3,$D47,0)) | H47: =IFERROR(NORM.DIST($A47,Config!$F$3,Config!$G$3,FALSE)*Config!$D$3*Config!$J$3,0)
A48: =Config!$K$3+14*Config!$J$3+Config!$J$3/2 | B48: =$A48-Config!$J$3/2 | C48: =$A48+Config!$J$3/2 | D48: =COUNTIFS(RawData!$C$2:$C$941,"LT",RawData!$H$2:$H$941,">="&$B48,RawData!$H$2:$H$941,"<"&$C48,RawData!$H$2:$H$941,"<>0") | E48: =IF(Config!$G$3=0,0,IF(ABS(($A48-Config!$F$3)/Config!$G$3)<=2,$D48,0)) | F48: =IF(Config!$G$3=0,0,IF(AND(ABS(($A48-Config!$F$3)/Config!$G$3)>2,ABS(($A48-Config!$F$3)/Config!$G$3)<=3),$D48,0)) | G48: =IF(Config!$G$3=0,0,IF(ABS(($A48-Config!$F$3)/Config!$G$3)>3,$D48,0)) | H48: =IFERROR(NORM.DIST($A48,Config!$F$3,Config!$G$3,FALSE)*Config!$D$3*Config!$J$3,0)
A49: =Config!$K$3+15*Config!$J$3+Config!$J$3/2 | B49: =$A49-Config!$J$3/2 | C49: =$A49+Config!$J$3/2 | D49: =COUNTIFS(RawData!$C$2:$C$941,"LT",RawData!$H$2:$H$941,">="&$B49,RawData!$H$2:$H$941,"<"&$C49,RawData!$H$2:$H$941,"<>0") | E49: =IF(Config!$G$3=0,0,IF(ABS(($A49-Config!$F$3)/Config!$G$3)<=2,$D49,0)) | F49: =IF(Config!$G$3=0,0,IF(AND(ABS(($A49-Config!$F$3)/Config!$G$3)>2,ABS(($A49-Config!$F$3)/Config!$G$3)<=3),$D49,0)) | G49: =IF(Config!$G$3=0,0,IF(ABS(($A49-Config!$F$3)/Config!$G$3)>3,$D49,0)) | H49: =IFERROR(NORM.DIST($A49,Config!$F$3,Config!$G$3,FALSE)*Config!$D$3*Config!$J$3,0)
A50: =Config!$K$3+16*Config!$J$3+Config!$J$3/2 | B50: =$A50-Config!$J$3/2 | C50: =$A50+Config!$J$3/2 | D50: =COUNTIFS(RawData!$C$2:$C$941,"LT",RawData!$H$2:$H$941,">="&$B50,RawData!$H$2:$H$941,"<"&$C50,RawData!$H$2:$H$941,"<>0") | E50: =IF(Config!$G$3=0,0,IF(ABS(($A50-Config!$F$3)/Config!$G$3)<=2,$D50,0)) | F50: =IF(Config!$G$3=0,0,IF(AND(ABS(($A50-Config!$F$3)/Config!$G$3)>2,ABS(($A50-Config!$F$3)/Config!$G$3)<=3),$D50,0)) | G50: =IF(Config!$G$3=0,0,IF(ABS(($A50-Config!$F$3)/Config!$G$3)>3,$D50,0)) | H50: =IFERROR(NORM.DIST($A50,Config!$F$3,Config!$G$3,FALSE)*Config!$D$3*Config!$J$3,0)
A51: =Config!$K$3+17*Config!$J$3+Config!$J$3/2 | B51: =$A51-Config!$J$3/2 | C51: =$A51+Config!$J$3/2 | D51: =COUNTIFS(RawData!$C$2:$C$941,"LT",RawData!$H$2:$H$941,">="&$B51,RawData!$H$2:$H$941,"<"&$C51,RawData!$H$2:$H$941,"<>0") | E51: =IF(Config!$G$3=0,0,IF(ABS(($A51-Config!$F$3)/Config!$G$3)<=2,$D51,0)) | F51: =IF(Config!$G$3=0,0,IF(AND(ABS(($A51-Config!$F$3)/Config!$G$3)>2,ABS(($A51-Config!$F$3)/Config!$G$3)<=3),$D51,0)) | G51: =IF(Config!$G$3=0,0,IF(ABS(($A51-Config!$F$3)/Config!$G$3)>3,$D51,0)) | H51: =IFERROR(NORM.DIST($A51,Config!$F$3,Config!$G$3,FALSE)*Config!$D$3*Config!$J$3,0)
A52: =Config!$K$3+18*Config!$J$3+Config!$J$3/2 | B52: =$A52-Config!$J$3/2 | C52: =$A52+Config!$J$3/2 | D52: =COUNTIFS(RawData!$C$2:$C$941,"LT",RawData!$H$2:$H$941,">="&$B52,RawData!$H$2:$H$941,"<"&$C52,RawData!$H$2:$H$941,"<>0") | E52: =IF(Config!$G$3=0,0,IF(ABS(($A52-Config!$F$3)/Config!$G$3)<=2,$D52,0)) | F52: =IF(Config!$G$3=0,0,IF(AND(ABS(($A52-Config!$F$3)/Config!$G$3)>2,ABS(($A52-Config!$F$3)/Config!$G$3)<=3),$D52,0)) | G52: =IF(Config!$G$3=0,0,IF(ABS(($A52-Config!$F$3)/Config!$G$3)>3,$D52,0)) | H52: =IFERROR(NORM.DIST($A52,Config!$F$3,Config!$G$3,FALSE)*Config!$D$3*Config!$J$3,0)
A53: =Config!$K$3+19*Config!$J$3+Config!$J$3/2 | B53: =$A53-Config!$J$3/2 | C53: =$A53+Config!$J$3/2 | D53: =COUNTIFS(RawData!$C$2:$C$941,"LT",RawData!$H$2:$H$941,">="&$B53,RawData!$H$2:$H$941,"<"&$C53,RawData!$H$2:$H$941,"<>0") | E53: =IF(Config!$G$3=0,0,IF(ABS(($A53-Config!$F$3)/Config!$G$3)<=2,$D53,0)) | F53: =IF(Config!$G$3=0,0,IF(AND(ABS(($A53-Config!$F$3)/Config!$G$3)>2,ABS(($A53-Config!$F$3)/Config!$G$3)<=3),$D53,0)) | G53: =IF(Config!$G$3=0,0,IF(ABS(($A53-Config!$F$3)/Config!$G$3)>3,$D53,0)) | H53: =IFERROR(NORM.DIST($A53,Config!$F$3,Config!$G$3,FALSE)*Config!$D$3*Config!$J$3,0)
A54: =Config!$K$3+20*Config!$J$3+Config!$J$3/2 | B54: =$A54-Config!$J$3/2 | C54: =$A54+Config!$J$3/2 | D54: =COUNTIFS(RawData!$C$2:$C$941,"LT",RawData!$H$2:$H$941,">="&$B54,RawData!$H$2:$H$941,"<"&$C54,RawData!$H$2:$H$941,"<>0") | E54: =IF(Config!$G$3=0,0,IF(ABS(($A54-Config!$F$3)/Config!$G$3)<=2,$D54,0)) | F54: =IF(Config!$G$3=0,0,IF(AND(ABS(($A54-Config!$F$3)/Config!$G$3)>2,ABS(($A54-Config!$F$3)/Config!$G$3)<=3),$D54,0)) | G54: =IF(Config!$G$3=0,0,IF(ABS(($A54-Config!$F$3)/Config!$G$3)>3,$D54,0)) | H54: =IFERROR(NORM.DIST($A54,Config!$F$3,Config!$G$3,FALSE)*Config!$D$3*Config!$J$3,0)
A55: =Config!$K$3+21*Config!$J$3+Config!$J$3/2 | B55: =$A55-Config!$J$3/2 | C55: =$A55+Config!$J$3/2 | D55: =COUNTIFS(RawData!$C$2:$C$941,"LT",RawData!$H$2:$H$941,">="&$B55,RawData!$H$2:$H$941,"<"&$C55,RawData!$H$2:$H$941,"<>0") | E55: =IF(Config!$G$3=0,0,IF(ABS(($A55-Config!$F$3)/Config!$G$3)<=2,$D55,0)) | F55: =IF(Config!$G$3=0,0,IF(AND(ABS(($A55-Config!$F$3)/Config!$G$3)>2,ABS(($A55-Config!$F$3)/Config!$G$3)<=3),$D55,0)) | G55: =IF(Config!$G$3=0,0,IF(ABS(($A55-Config!$F$3)/Config!$G$3)>3,$D55,0)) | H55: =IFERROR(NORM.DIST($A55,Config!$F$3,Config!$G$3,FALSE)*Config!$D$3*Config!$J$3,0)
A56: =Config!$K$3+22*Config!$J$3+Config!$J$3/2 | B56: =$A56-Config!$J$3/2 | C56: =$A56+Config!$J$3/2 | D56: =COUNTIFS(RawData!$C$2:$C$941,"LT",RawData!$H$2:$H$941,">="&$B56,RawData!$H$2:$H$941,"<"&$C56,RawData!$H$2:$H$941,"<>0") | E56: =IF(Config!$G$3=0,0,IF(ABS(($A56-Config!$F$3)/Config!$G$3)<=2,$D56,0)) | F56: =IF(Config!$G$3=0,0,IF(AND(ABS(($A56-Config!$F$3)/Config!$G$3)>2,ABS(($A56-Config!$F$3)/Config!$G$3)<=3),$D56,0)) | G56: =IF(Config!$G$3=0,0,IF(ABS(($A56-Config!$F$3)/Config!$G$3)>3,$D56,0)) | H56: =IFERROR(NORM.DIST($A56,Config!$F$3,Config!$G$3,FALSE)*Config!$D$3*Config!$J$3,0)
A57: =Config!$K$3+23*Config!$J$3+Config!$J$3/2 | B57: =$A57-Config!$J$3/2 | C57: =$A57+Config!$J$3/2 | D57: =COUNTIFS(RawData!$C$2:$C$941,"LT",RawData!$H$2:$H$941,">="&$B57,RawData!$H$2:$H$941,"<"&$C57,RawData!$H$2:$H$941,"<>0") | E57: =IF(Config!$G$3=0,0,IF(ABS(($A57-Config!$F$3)/Config!$G$3)<=2,$D57,0)) | F57: =IF(Config!$G$3=0,0,IF(AND(ABS(($A57-Config!$F$3)/Config!$G$3)>2,ABS(($A57-Config!$F$3)/Config!$G$3)<=3),$D57,0)) | G57: =IF(Config!$G$3=0,0,IF(ABS(($A57-Config!$F$3)/Config!$G$3)>3,$D57,0)) | H57: =IFERROR(NORM.DIST($A57,Config!$F$3,Config!$G$3,FALSE)*Config!$D$3*Config!$J$3,0)
A58: =Config!$K$3+24*Config!$J$3+Config!$J$3/2 | B58: =$A58-Config!$J$3/2 | C58: =$A58+Config!$J$3/2 | D58: =COUNTIFS(RawData!$C$2:$C$941,"LT",RawData!$H$2:$H$941,">="&$B58,RawData!$H$2:$H$941,"<"&$C58,RawData!$H$2:$H$941,"<>0") | E58: =IF(Config!$G$3=0,0,IF(ABS(($A58-Config!$F$3)/Config!$G$3)<=2,$D58,0)) | F58: =IF(Config!$G$3=0,0,IF(AND(ABS(($A58-Config!$F$3)/Config!$G$3)>2,ABS(($A58-Config!$F$3)/Config!$G$3)<=3),$D58,0)) | G58: =IF(Config!$G$3=0,0,IF(ABS(($A58-Config!$F$3)/Config!$G$3)>3,$D58,0)) | H58: =IFERROR(NORM.DIST($A58,Config!$F$3,Config!$G$3,FALSE)*Config!$D$3*Config!$J$3,0)
A59: =Config!$K$3+25*Config!$J$3+Config!$J$3/2 | B59: =$A59-Config!$J$3/2 | C59: =$A59+Config!$J$3/2 | D59: =COUNTIFS(RawData!$C$2:$C$941,"LT",RawData!$H$2:$H$941,">="&$B59,RawData!$H$2:$H$941,"<"&$C59,RawData!$H$2:$H$941,"<>0") | E59: =IF(Config!$G$3=0,0,IF(ABS(($A59-Config!$F$3)/Config!$G$3)<=2,$D59,0)) | F59: =IF(Config!$G$3=0,0,IF(AND(ABS(($A59-Config!$F$3)/Config!$G$3)>2,ABS(($A59-Config!$F$3)/Config!$G$3)<=3),$D59,0)) | G59: =IF(Config!$G$3=0,0,IF(ABS(($A59-Config!$F$3)/Config!$G$3)>3,$D59,0)) | H59: =IFERROR(NORM.DIST($A59,Config!$F$3,Config!$G$3,FALSE)*Config!$D$3*Config!$J$3,0)
A60: =Config!$K$3+26*Config!$J$3+Config!$J$3/2 | B60: =$A60-Config!$J$3/2 | C60: =$A60+Config!$J$3/2 | D60: =COUNTIFS(RawData!$C$2:$C$941,"LT",RawData!$H$2:$H$941,">="&$B60,RawData!$H$2:$H$941,"<"&$C60,RawData!$H$2:$H$941,"<>0") | E60: =IF(Config!$G$3=0,0,IF(ABS(($A60-Config!$F$3)/Config!$G$3)<=2,$D60,0)) | F60: =IF(Config!$G$3=0,0,IF(AND(ABS(($A60-Config!$F$3)/Config!$G$3)>2,ABS(($A60-Config!$F$3)/Config!$G$3)<=3),$D60,0)) | G60: =IF(Config!$G$3=0,0,IF(ABS(($A60-Config!$F$3)/Config!$G$3)>3,$D60,0)) | H60: =IFERROR(NORM.DIST($A60,Config!$F$3,Config!$G$3,FALSE)*Config!$D$3*Config!$J$3,0)
A61: =Config!$K$3+27*Config!$J$3+Config!$J$3/2 | B61: =$A61-Config!$J$3/2 | C61: =$A61+Config!$J$3/2 | D61: =COUNTIFS(RawData!$C$2:$C$941,"LT",RawData!$H$2:$H$941,">="&$B61,RawData!$H$2:$H$941,"<"&$C61,RawData!$H$2:$H$941,"<>0") | E61: =IF(Config!$G$3=0,0,IF(ABS(($A61-Config!$F$3)/Config!$G$3)<=2,$D61,0)) | F61: =IF(Config!$G$3=0,0,IF(AND(ABS(($A61-Config!$F$3)/Config!$G$3)>2,ABS(($A61-Config!$F$3)/Config!$G$3)<=3),$D61,0)) | G61: =IF(Config!$G$3=0,0,IF(ABS(($A61-Config!$F$3)/Config!$G$3)>3,$D61,0)) | H61: =IFERROR(NORM.DIST($A61,Config!$F$3,Config!$G$3,FALSE)*Config!$D$3*Config!$J$3,0)
A62: =Config!$K$3+28*Config!$J$3+Config!$J$3/2 | B62: =$A62-Config!$J$3/2 | C62: =$A62+Config!$J$3/2 | D62: =COUNTIFS(RawData!$C$2:$C$941,"LT",RawData!$H$2:$H$941,">="&$B62,RawData!$H$2:$H$941,"<"&$C62,RawData!$H$2:$H$941,"<>0") | E62: =IF(Config!$G$3=0,0,IF(ABS(($A62-Config!$F$3)/Config!$G$3)<=2,$D62,0)) | F62: =IF(Config!$G$3=0,0,IF(AND(ABS(($A62-Config!$F$3)/Config!$G$3)>2,ABS(($A62-Config!$F$3)/Config!$G$3)<=3),$D62,0)) | G62: =IF(Config!$G$3=0,0,IF(ABS(($A62-Config!$F$3)/Config!$G$3)>3,$D62,0)) | H62: =IFERROR(NORM.DIST($A62,Config!$F$3,Config!$G$3,FALSE)*Config!$D$3*Config!$J$3,0)
A63: =Config!$K$3+29*Config!$J$3+Config!$J$3/2 | B63: =$A63-Config!$J$3/2 | C63: =$A63+Config!$J$3/2 | D63: =COUNTIFS(RawData!$C$2:$C$941,"LT",RawData!$H$2:$H$941,">="&$B63,RawData!$H$2:$H$941,"<"&$C63,RawData!$H$2:$H$941,"<>0") | E63: =IF(Config!$G$3=0,0,IF(ABS(($A63-Config!$F$3)/Config!$G$3)<=2,$D63,0)) | F63: =IF(Config!$G$3=0,0,IF(AND(ABS(($A63-Config!$F$3)/Config!$G$3)>2,ABS(($A63-Config!$F$3)/Config!$G$3)<=3),$D63,0)) | G63: =IF(Config!$G$3=0,0,IF(ABS(($A63-Config!$F$3)/Config!$G$3)>3,$D63,0)) | H63: =IFERROR(NORM.DIST($A63,Config!$F$3,Config!$G$3,FALSE)*Config!$D$3*Config!$J$3,0)
A65: BinCenter | B65: BinLo | C65: BinHi | D65: TotalCount | E65: Normal | F65: Warning(2-3s) | G65: Outlier(>3s) | H65: CurveY
A66: =Config!$K$4+0*Config!$J$4+Config!$J$4/2 | B66: =$A66-Config!$J$4/2 | C66: =$A66+Config!$J$4/2 | D66: =COUNTIFS(RawData!$C$2:$C$941,"LT",RawData!$I$2:$I$941,">="&$B66,RawData!$I$2:$I$941,"<"&$C66,RawData!$I$2:$I$941,"<>0") | E66: =IF(Config!$G$4=0,0,IF(ABS(($A66-Config!$F$4)/Config!$G$4)<=2,$D66,0)) | F66: =IF(Config!$G$4=0,0,IF(AND(ABS(($A66-Config!$F$4)/Config!$G$4)>2,ABS(($A66-Config!$F$4)/Config!$G$4)<=3),$D66,0)) | G66: =IF(Config!$G$4=0,0,IF(ABS(($A66-Config!$F$4)/Config!$G$4)>3,$D66,0)) | H66: =IFERROR(NORM.DIST($A66,Config!$F$4,Config!$G$4,FALSE)*Config!$D$4*Config!$J$4,0)
A67: =Config!$K$4+1*Config!$J$4+Config!$J$4/2 | B67: =$A67-Config!$J$4/2 | C67: =$A67+Config!$J$4/2 | D67: =COUNTIFS(RawData!$C$2:$C$941,"LT",RawData!$I$2:$I$941,">="&$B67,RawData!$I$2:$I$941,"<"&$C67,RawData!$I$2:$I$941,"<>0") | E67: =IF(Config!$G$4=0,0,IF(ABS(($A67-Config!$F$4)/Config!$G$4)<=2,$D67,0)) | F67: =IF(Config!$G$4=0,0,IF(AND(ABS(($A67-Config!$F$4)/Config!$G$4)>2,ABS(($A67-Config!$F$4)/Config!$G$4)<=3),$D67,0)) | G67: =IF(Config!$G$4=0,0,IF(ABS(($A67-Config!$F$4)/Config!$G$4)>3,$D67,0)) | H67: =IFERROR(NORM.DIST($A67,Config!$F$4,Config!$G$4,FALSE)*Config!$D$4*Config!$J$4,0)
A68: =Config!$K$4+2*Config!$J$4+Config!$J$4/2 | B68: =$A68-Config!$J$4/2 | C68: =$A68+Config!$J$4/2 | D68: =COUNTIFS(RawData!$C$2:$C$941,"LT",RawData!$I$2:$I$941,">="&$B68,RawData!$I$2:$I$941,"<"&$C68,RawData!$I$2:$I$941,"<>0") | E68: =IF(Config!$G$4=0,0,IF(ABS(($A68-Config!$F$4)/Config!$G$4)<=2,$D68,0)) | F68: =IF(Config!$G$4=0,0,IF(AND(ABS(($A68-Config!$F$4)/Config!$G$4)>2,ABS(($A68-Config!$F$4)/Config!$G$4)<=3),$D68,0)) | G68: =IF(Config!$G$4=0,0,IF(ABS(($A68-Config!$F$4)/Config!$G$4)>3,$D68,0)) | H68: =IFERROR(NORM.DIST($A68,Config!$F$4,Config!$G$4,FALSE)*Config!$D$4*Config!$J$4,0)
A69: =Config!$K$4+3*Config!$J$4+Config!$J$4/2 | B69: =$A69-Config!$J$4/2 | C69: =$A69+Config!$J$4/2 | D69: =COUNTIFS(RawData!$C$2:$C$941,"LT",RawData!$I$2:$I$941,">="&$B69,RawData!$I$2:$I$941,"<"&$C69,RawData!$I$2:$I$941,"<>0") | E69: =IF(Config!$G$4=0,0,IF(ABS(($A69-Config!$F$4)/Config!$G$4)<=2,$D69,0)) | F69: =IF(Config!$G$4=0,0,IF(AND(ABS(($A69-Config!$F$4)/Config!$G$4)>2,ABS(($A69-Config!$F$4)/Config!$G$4)<=3),$D69,0)) | G69: =IF(Config!$G$4=0,0,IF(ABS(($A69-Config!$F$4)/Config!$G$4)>3,$D69,0)) | H69: =IFERROR(NORM.DIST($A69,Config!$F$4,Config!$G$4,FALSE)*Config!$D$4*Config!$J$4,0)
A70: =Config!$K$4+4*Config!$J$4+Config!$J$4/2 | B70: =$A70-Config!$J$4/2 | C70: =$A70+Config!$J$4/2 | D70: =COUNTIFS(RawData!$C$2:$C$941,"LT",RawData!$I$2:$I$941,">="&$B70,RawData!$I$2:$I$941,"<"&$C70,RawData!$I$2:$I$941,"<>0") | E70: =IF(Config!$G$4=0,0,IF(ABS(($A70-Config!$F$4)/Config!$G$4)<=2,$D70,0)) | F70: =IF(Config!$G$4=0,0,IF(AND(ABS(($A70-Config!$F$4)/Config!$G$4)>2,ABS(($A70-Config!$F$4)/Config!$G$4)<=3),$D70,0)) | G70: =IF(Config!$G$4=0,0,IF(ABS(($A70-Config!$F$4)/Config!$G$4)>3,$D70,0)) | H70: =IFERROR(NORM.DIST($A70,Config!$F$4,Config!$G$4,FALSE)*Config!$D$4*Config!$J$4,0)
A71: =Config!$K$4+5*Config!$J$4+Config!$J$4/2 | B71: =$A71-Config!$J$4/2 | C71: =$A71+Config!$J$4/2 | D71: =COUNTIFS(RawData!$C$2:$C$941,"LT",RawData!$I$2:$I$941,">="&$B71,RawData!$I$2:$I$941,"<"&$C71,RawData!$I$2:$I$941,"<>0") | E71: =IF(Config!$G$4=0,0,IF(ABS(($A71-Config!$F$4)/Config!$G$4)<=2,$D71,0)) | F71: =IF(Config!$G$4=0,0,IF(AND(ABS(($A71-Config!$F$4)/Config!$G$4)>2,ABS(($A71-Config!$F$4)/Config!$G$4)<=3),$D71,0)) | G71: =IF(Config!$G$4=0,0,IF(ABS(($A71-Config!$F$4)/Config!$G$4)>3,$D71,0)) | H71: =IFERROR(NORM.DIST($A71,Config!$F$4,Config!$G$4,FALSE)*Config!$D$4*Config!$J$4,0)
A72: =Config!$K$4+6*Config!$J$4+Config!$J$4/2 | B72: =$A72-Config!$J$4/2 | C72: =$A72+Config!$J$4/2 | D72: =COUNTIFS(RawData!$C$2:$C$941,"LT",RawData!$I$2:$I$941,">="&$B72,RawData!$I$2:$I$941,"<"&$C72,RawData!$I$2:$I$941,"<>0") | E72: =IF(Config!$G$4=0,0,IF(ABS(($A72-Config!$F$4)/Config!$G$4)<=2,$D72,0)) | F72: =IF(Config!$G$4=0,0,IF(AND(ABS(($A72-Config!$F$4)/Config!$G$4)>2,ABS(($A72-Config!$F$4)/Config!$G$4)<=3),$D72,0)) | G72: =IF(Config!$G$4=0,0,IF(ABS(($A72-Config!$F$4)/Config!$G$4)>3,$D72,0)) | H72: =IFERROR(NORM.DIST($A72,Config!$F$4,Config!$G$4,FALSE)*Config!$D$4*Config!$J$4,0)
A73: =Config!$K$4+7*Config!$J$4+Config!$J$4/2 | B73: =$A73-Config!$J$4/2 | C73: =$A73+Config!$J$4/2 | D73: =COUNTIFS(RawData!$C$2:$C$941,"LT",RawData!$I$2:$I$941,">="&$B73,RawData!$I$2:$I$941,"<"&$C73,RawData!$I$2:$I$941,"<>0") | E73: =IF(Config!$G$4=0,0,IF(ABS(($A73-Config!$F$4)/Config!$G$4)<=2,$D73,0)) | F73: =IF(Config!$G$4=0,0,IF(AND(ABS(($A73-Config!$F$4)/Config!$G$4)>2,ABS(($A73-Config!$F$4)/Config!$G$4)<=3),$D73,0)) | G73: =IF(Config!$G$4=0,0,IF(ABS(($A73-Config!$F$4)/Config!$G$4)>3,$D73,0)) | H73: =IFERROR(NORM.DIST($A73,Config!$F$4,Config!$G$4,FALSE)*Config!$D$4*Config!$J$4,0)
A74: =Config!$K$4+8*Config!$J$4+Config!$J$4/2 | B74: =$A74-Config!$J$4/2 | C74: =$A74+Config!$J$4/2 | D74: =COUNTIFS(RawData!$C$2:$C$941,"LT",RawData!$I$2:$I$941,">="&$B74,RawData!$I$2:$I$941,"<"&$C74,RawData!$I$2:$I$941,"<>0") | E74: =IF(Config!$G$4=0,0,IF(ABS(($A74-Config!$F$4)/Config!$G$4)<=2,$D74,0)) | F74: =IF(Config!$G$4=0,0,IF(AND(ABS(($A74-Config!$F$4)/Config!$G$4)>2,ABS(($A74-Config!$F$4)/Config!$G$4)<=3),$D74,0)) | G74: =IF(Config!$G$4=0,0,IF(ABS(($A74-Config!$F$4)/Config!$G$4)>3,$D74,0)) | H74: =IFERROR(NORM.DIST($A74,Config!$F$4,Config!$G$4,FALSE)*Config!$D$4*Config!$J$4,0)
A75: =Config!$K$4+9*Config!$J$4+Config!$J$4/2 | B75: =$A75-Config!$J$4/2 | C75: =$A75+Config!$J$4/2 | D75: =COUNTIFS(RawData!$C$2:$C$941,"LT",RawData!$I$2:$I$941,">="&$B75,RawData!$I$2:$I$941,"<"&$C75,RawData!$I$2:$I$941,"<>0") | E75: =IF(Config!$G$4=0,0,IF(ABS(($A75-Config!$F$4)/Config!$G$4)<=2,$D75,0)) | F75: =IF(Config!$G$4=0,0,IF(AND(ABS(($A75-Config!$F$4)/Config!$G$4)>2,ABS(($A75-Config!$F$4)/Config!$G$4)<=3),$D75,0)) | G75: =IF(Config!$G$4=0,0,IF(ABS(($A75-Config!$F$4)/Config!$G$4)>3,$D75,0)) | H75: =IFERROR(NORM.DIST($A75,Config!$F$4,Config!$G$4,FALSE)*Config!$D$4*Config!$J$4,0)
A76: =Config!$K$4+10*Config!$J$4+Config!$J$4/2 | B76: =$A76-Config!$J$4/2 | C76: =$A76+Config!$J$4/2 | D76: =COUNTIFS(RawData!$C$2:$C$941,"LT",RawData!$I$2:$I$941,">="&$B76,RawData!$I$2:$I$941,"<"&$C76,RawData!$I$2:$I$941,"<>0") | E76: =IF(Config!$G$4=0,0,IF(ABS(($A76-Config!$F$4)/Config!$G$4)<=2,$D76,0)) | F76: =IF(Config!$G$4=0,0,IF(AND(ABS(($A76-Config!$F$4)/Config!$G$4)>2,ABS(($A76-Config!$F$4)/Config!$G$4)<=3),$D76,0)) | G76: =IF(Config!$G$4=0,0,IF(ABS(($A76-Config!$F$4)/Config!$G$4)>3,$D76,0)) | H76: =IFERROR(NORM.DIST($A76,Config!$F$4,Config!$G$4,FALSE)*Config!$D$4*Config!$J$4,0)
A77: =Config!$K$4+11*Config!$J$4+Config!$J$4/2 | B77: =$A77-Config!$J$4/2 | C77: =$A77+Config!$J$4/2 | D77: =COUNTIFS(RawData!$C$2:$C$941,"LT",RawData!$I$2:$I$941,">="&$B77,RawData!$I$2:$I$941,"<"&$C77,RawData!$I$2:$I$941,"<>0") | E77: =IF(Config!$G$4=0,0,IF(ABS(($A77-Config!$F$4)/Config!$G$4)<=2,$D77,0)) | F77: =IF(Config!$G$4=0,0,IF(AND(ABS(($A77-Config!$F$4)/Config!$G$4)>2,ABS(($A77-Config!$F$4)/Config!$G$4)<=3),$D77,0)) | G77: =IF(Config!$G$4=0,0,IF(ABS(($A77-Config!$F$4)/Config!$G$4)>3,$D77,0)) | H77: =IFERROR(NORM.DIST($A77,Config!$F$4,Config!$G$4,FALSE)*Config!$D$4*Config!$J$4,0)
A78: =Config!$K$4+12*Config!$J$4+Config!$J$4/2 | B78: =$A78-Config!$J$4/2 | C78: =$A78+Config!$J$4/2 | D78: =COUNTIFS(RawData!$C$2:$C$941,"LT",RawData!$I$2:$I$941,">="&$B78,RawData!$I$2:$I$941,"<"&$C78,RawData!$I$2:$I$941,"<>0") | E78: =IF(Config!$G$4=0,0,IF(ABS(($A78-Config!$F$4)/Config!$G$4)<=2,$D78,0)) | F78: =IF(Config!$G$4=0,0,IF(AND(ABS(($A78-Config!$F$4)/Config!$G$4)>2,ABS(($A78-Config!$F$4)/Config!$G$4)<=3),$D78,0)) | G78: =IF(Config!$G$4=0,0,IF(ABS(($A78-Config!$F$4)/Config!$G$4)>3,$D78,0)) | H78: =IFERROR(NORM.DIST($A78,Config!$F$4,Config!$G$4,FALSE)*Config!$D$4*Config!$J$4,0)
A79: =Config!$K$4+13*Config!$J$4+Config!$J$4/2 | B79: =$A79-Config!$J$4/2 | C79: =$A79+Config!$J$4/2 | D79: =COUNTIFS(RawData!$C$2:$C$941,"LT",RawData!$I$2:$I$941,">="&$B79,RawData!$I$2:$I$941,"<"&$C79,RawData!$I$2:$I$941,"<>0") | E79: =IF(Config!$G$4=0,0,IF(ABS(($A79-Config!$F$4)/Config!$G$4)<=2,$D79,0)) | F79: =IF(Config!$G$4=0,0,IF(AND(ABS(($A79-Config!$F$4)/Config!$G$4)>2,ABS(($A79-Config!$F$4)/Config!$G$4)<=3),$D79,0)) | G79: =IF(Config!$G$4=0,0,IF(ABS(($A79-Config!$F$4)/Config!$G$4)>3,$D79,0)) | H79: =IFERROR(NORM.DIST($A79,Config!$F$4,Config!$G$4,FALSE)*Config!$D$4*Config!$J$4,0)
A80: =Config!$K$4+14*Config!$J$4+Config!$J$4/2 | B80: =$A80-Config!$J$4/2 | C80: =$A80+Config!$J$4/2 | D80: =COUNTIFS(RawData!$C$2:$C$941,"LT",RawData!$I$2:$I$941,">="&$B80,RawData!$I$2:$I$941,"<"&$C80,RawData!$I$2:$I$941,"<>0") | E80: =IF(Config!$G$4=0,0,IF(ABS(($A80-Config!$F$4)/Config!$G$4)<=2,$D80,0)) | F80: =IF(Config!$G$4=0,0,IF(AND(ABS(($A80-Config!$F$4)/Config!$G$4)>2,ABS(($A80-Config!$F$4)/Config!$G$4)<=3),$D80,0)) | G80: =IF(Config!$G$4=0,0,IF(ABS(($A80-Config!$F$4)/Config!$G$4)>3,$D80,0)) | H80: =IFERROR(NORM.DIST($A80,Config!$F$4,Config!$G$4,FALSE)*Config!$D$4*Config!$J$4,0)
A81: =Config!$K$4+15*Config!$J$4+Config!$J$4/2 | B81: =$A81-Config!$J$4/2 | C81: =$A81+Config!$J$4/2 | D81: =COUNTIFS(RawData!$C$2:$C$941,"LT",RawData!$I$2:$I$941,">="&$B81,RawData!$I$2:$I$941,"<"&$C81,RawData!$I$2:$I$941,"<>0") | E81: =IF(Config!$G$4=0,0,IF(ABS(($A81-Config!$F$4)/Config!$G$4)<=2,$D81,0)) | F81: =IF(Config!$G$4=0,0,IF(AND(ABS(($A81-Config!$F$4)/Config!$G$4)>2,ABS(($A81-Config!$F$4)/Config!$G$4)<=3),$D81,0)) | G81: =IF(Config!$G$4=0,0,IF(ABS(($A81-Config!$F$4)/Config!$G$4)>3,$D81,0)) | H81: =IFERROR(NORM.DIST($A81,Config!$F$4,Config!$G$4,FALSE)*Config!$D$4*Config!$J$4,0)
A82: =Config!$K$4+16*Config!$J$4+Config!$J$4/2 | B82: =$A82-Config!$J$4/2 | C82: =$A82+Config!$J$4/2 | D82: =COUNTIFS(RawData!$C$2:$C$941,"LT",RawData!$I$2:$I$941,">="&$B82,RawData!$I$2:$I$941,"<"&$C82,RawData!$I$2:$I$941,"<>0") | E82: =IF(Config!$G$4=0,0,IF(ABS(($A82-Config!$F$4)/Config!$G$4)<=2,$D82,0)) | F82: =IF(Config!$G$4=0,0,IF(AND(ABS(($A82-Config!$F$4)/Config!$G$4)>2,ABS(($A82-Config!$F$4)/Config!$G$4)<=3),$D82,0)) | G82: =IF(Config!$G$4=0,0,IF(ABS(($A82-Config!$F$4)/Config!$G$4)>3,$D82,0)) | H82: =IFERROR(NORM.DIST($A82,Config!$F$4,Config!$G$4,FALSE)*Config!$D$4*Config!$J$4,0)
A83: =Config!$K$4+17*Config!$J$4+Config!$J$4/2 | B83: =$A83-Config!$J$4/2 | C83: =$A83+Config!$J$4/2 | D83: =COUNTIFS(RawData!$C$2:$C$941,"LT",RawData!$I$2:$I$941,">="&$B83,RawData!$I$2:$I$941,"<"&$C83,RawData!$I$2:$I$941,"<>0") | E83: =IF(Config!$G$4=0,0,IF(ABS(($A83-Config!$F$4)/Config!$G$4)<=2,$D83,0)) | F83: =IF(Config!$G$4=0,0,IF(AND(ABS(($A83-Config!$F$4)/Config!$G$4)>2,ABS(($A83-Config!$F$4)/Config!$G$4)<=3),$D83,0)) | G83: =IF(Config!$G$4=0,0,IF(ABS(($A83-Config!$F$4)/Config!$G$4)>3,$D83,0)) | H83: =IFERROR(NORM.DIST($A83,Config!$F$4,Config!$G$4,FALSE)*Config!$D$4*Config!$J$4,0)
A84: =Config!$K$4+18*Config!$J$4+Config!$J$4/2 | B84: =$A84-Config!$J$4/2 | C84: =$A84+Config!$J$4/2 | D84: =COUNTIFS(RawData!$C$2:$C$941,"LT",RawData!$I$2:$I$941,">="&$B84,RawData!$I$2:$I$941,"<"&$C84,RawData!$I$2:$I$941,"<>0") | E84: =IF(Config!$G$4=0,0,IF(ABS(($A84-Config!$F$4)/Config!$G$4)<=2,$D84,0)) | F84: =IF(Config!$G$4=0,0,IF(AND(ABS(($A84-Config!$F$4)/Config!$G$4)>2,ABS(($A84-Config!$F$4)/Config!$G$4)<=3),$D84,0)) | G84: =IF(Config!$G$4=0,0,IF(ABS(($A84-Config!$F$4)/Config!$G$4)>3,$D84,0)) | H84: =IFERROR(NORM.DIST($A84,Config!$F$4,Config!$G$4,FALSE)*Config!$D$4*Config!$J$4,0)
A85: =Config!$K$4+19*Config!$J$4+Config!$J$4/2 | B85: =$A85-Config!$J$4/2 | C85: =$A85+Config!$J$4/2 | D85: =COUNTIFS(RawData!$C$2:$C$941,"LT",RawData!$I$2:$I$941,">="&$B85,RawData!$I$2:$I$941,"<"&$C85,RawData!$I$2:$I$941,"<>0") | E85: =IF(Config!$G$4=0,0,IF(ABS(($A85-Config!$F$4)/Config!$G$4)<=2,$D85,0)) | F85: =IF(Config!$G$4=0,0,IF(AND(ABS(($A85-Config!$F$4)/Config!$G$4)>2,ABS(($A85-Config!$F$4)/Config!$G$4)<=3),$D85,0)) | G85: =IF(Config!$G$4=0,0,IF(ABS(($A85-Config!$F$4)/Config!$G$4)>3,$D85,0)) | H85: =IFERROR(NORM.DIST($A85,Config!$F$4,Config!$G$4,FALSE)*Config!$D$4*Config!$J$4,0)
A86: =Config!$K$4+20*Config!$J$4+Config!$J$4/2 | B86: =$A86-Config!$J$4/2 | C86: =$A86+Config!$J$4/2 | D86: =COUNTIFS(RawData!$C$2:$C$941,"LT",RawData!$I$2:$I$941,">="&$B86,RawData!$I$2:$I$941,"<"&$C86,RawData!$I$2:$I$941,"<>0") | E86: =IF(Config!$G$4=0,0,IF(ABS(($A86-Config!$F$4)/Config!$G$4)<=2,$D86,0)) | F86: =IF(Config!$G$4=0,0,IF(AND(ABS(($A86-Config!$F$4)/Config!$G$4)>2,ABS(($A86-Config!$F$4)/Config!$G$4)<=3),$D86,0)) | G86: =IF(Config!$G$4=0,0,IF(ABS(($A86-Config!$F$4)/Config!$G$4)>3,$D86,0)) | H86: =IFERROR(NORM.DIST($A86,Config!$F$4,Config!$G$4,FALSE)*Config!$D$4*Config!$J$4,0)
A87: =Config!$K$4+21*Config!$J$4+Config!$J$4/2 | B87: =$A87-Config!$J$4/2 | C87: =$A87+Config!$J$4/2 | D87: =COUNTIFS(RawData!$C$2:$C$941,"LT",RawData!$I$2:$I$941,">="&$B87,RawData!$I$2:$I$941,"<"&$C87,RawData!$I$2:$I$941,"<>0") | E87: =IF(Config!$G$4=0,0,IF(ABS(($A87-Config!$F$4)/Config!$G$4)<=2,$D87,0)) | F87: =IF(Config!$G$4=0,0,IF(AND(ABS(($A87-Config!$F$4)/Config!$G$4)>2,ABS(($A87-Config!$F$4)/Config!$G$4)<=3),$D87,0)) | G87: =IF(Config!$G$4=0,0,IF(ABS(($A87-Config!$F$4)/Config!$G$4)>3,$D87,0)) | H87: =IFERROR(NORM.DIST($A87,Config!$F$4,Config!$G$4,FALSE)*Config!$D$4*Config!$J$4,0)
A88: =Config!$K$4+22*Config!$J$4+Config!$J$4/2 | B88: =$A88-Config!$J$4/2 | C88: =$A88+Config!$J$4/2 | D88: =COUNTIFS(RawData!$C$2:$C$941,"LT",RawData!$I$2:$I$941,">="&$B88,RawData!$I$2:$I$941,"<"&$C88,RawData!$I$2:$I$941,"<>0") | E88: =IF(Config!$G$4=0,0,IF(ABS(($A88-Config!$F$4)/Config!$G$4)<=2,$D88,0)) | F88: =IF(Config!$G$4=0,0,IF(AND(ABS(($A88-Config!$F$4)/Config!$G$4)>2,ABS(($A88-Config!$F$4)/Config!$G$4)<=3),$D88,0)) | G88: =IF(Config!$G$4=0,0,IF(ABS(($A88-Config!$F$4)/Config!$G$4)>3,$D88,0)) | H88: =IFERROR(NORM.DIST($A88,Config!$F$4,Config!$G$4,FALSE)*Config!$D$4*Config!$J$4,0)
A89: =Config!$K$4+23*Config!$J$4+Config!$J$4/2 | B89: =$A89-Config!$J$4/2 | C89: =$A89+Config!$J$4/2 | D89: =COUNTIFS(RawData!$C$2:$C$941,"LT",RawData!$I$2:$I$941,">="&$B89,RawData!$I$2:$I$941,"<"&$C89,RawData!$I$2:$I$941,"<>0") | E89: =IF(Config!$G$4=0,0,IF(ABS(($A89-Config!$F$4)/Config!$G$4)<=2,$D89,0)) | F89: =IF(Config!$G$4=0,0,IF(AND(ABS(($A89-Config!$F$4)/Config!$G$4)>2,ABS(($A89-Config!$F$4)/Config!$G$4)<=3),$D89,0)) | G89: =IF(Config!$G$4=0,0,IF(ABS(($A89-Config!$F$4)/Config!$G$4)>3,$D89,0)) | H89: =IFERROR(NORM.DIST($A89,Config!$F$4,Config!$G$4,FALSE)*Config!$D$4*Config!$J$4,0)
A90: =Config!$K$4+24*Config!$J$4+Config!$J$4/2 | B90: =$A90-Config!$J$4/2 | C90: =$A90+Config!$J$4/2 | D90: =COUNTIFS(RawData!$C$2:$C$941,"LT",RawData!$I$2:$I$941,">="&$B90,RawData!$I$2:$I$941,"<"&$C90,RawData!$I$2:$I$941,"<>0") | E90: =IF(Config!$G$4=0,0,IF(ABS(($A90-Config!$F$4)/Config!$G$4)<=2,$D90,0)) | F90: =IF(Config!$G$4=0,0,IF(AND(ABS(($A90-Config!$F$4)/Config!$G$4)>2,ABS(($A90-Config!$F$4)/Config!$G$4)<=3),$D90,0)) | G90: =IF(Config!$G$4=0,0,IF(ABS(($A90-Config!$F$4)/Config!$G$4)>3,$D90,0)) | H90: =IFERROR(NORM.DIST($A90,Config!$F$4,Config!$G$4,FALSE)*Config!$D$4*Config!$J$4,0)
A91: =Config!$K$4+25*Config!$J$4+Config!$J$4/2 | B91: =$A91-Config!$J$4/2 | C91: =$A91+Config!$J$4/2 | D91: =COUNTIFS(RawData!$C$2:$C$941,"LT",RawData!$I$2:$I$941,">="&$B91,RawData!$I$2:$I$941,"<"&$C91,RawData!$I$2:$I$941,"<>0") | E91: =IF(Config!$G$4=0,0,IF(ABS(($A91-Config!$F$4)/Config!$G$4)<=2,$D91,0)) | F91: =IF(Config!$G$4=0,0,IF(AND(ABS(($A91-Config!$F$4)/Config!$G$4)>2,ABS(($A91-Config!$F$4)/Config!$G$4)<=3),$D91,0)) | G91: =IF(Config!$G$4=0,0,IF(ABS(($A91-Config!$F$4)/Config!$G$4)>3,$D91,0)) | H91: =IFERROR(NORM.DIST($A91,Config!$F$4,Config!$G$4,FALSE)*Config!$D$4*Config!$J$4,0)
A92: =Config!$K$4+26*Config!$J$4+Config!$J$4/2 | B92: =$A92-Config!$J$4/2 | C92: =$A92+Config!$J$4/2 | D92: =COUNTIFS(RawData!$C$2:$C$941,"LT",RawData!$I$2:$I$941,">="&$B92,RawData!$I$2:$I$941,"<"&$C92,RawData!$I$2:$I$941,"<>0") | E92: =IF(Config!$G$4=0,0,IF(ABS(($A92-Config!$F$4)/Config!$G$4)<=2,$D92,0)) | F92: =IF(Config!$G$4=0,0,IF(AND(ABS(($A92-Config!$F$4)/Config!$G$4)>2,ABS(($A92-Config!$F$4)/Config!$G$4)<=3),$D92,0)) | G92: =IF(Config!$G$4=0,0,IF(ABS(($A92-Config!$F$4)/Config!$G$4)>3,$D92,0)) | H92: =IFERROR(NORM.DIST($A92,Config!$F$4,Config!$G$4,FALSE)*Config!$D$4*Config!$J$4,0)
A93: =Config!$K$4+27*Config!$J$4+Config!$J$4/2 | B93: =$A93-Config!$J$4/2 | C93: =$A93+Config!$J$4/2 | D93: =COUNTIFS(RawData!$C$2:$C$941,"LT",RawData!$I$2:$I$941,">="&$B93,RawData!$I$2:$I$941,"<"&$C93,RawData!$I$2:$I$941,"<>0") | E93: =IF(Config!$G$4=0,0,IF(ABS(($A93-Config!$F$4)/Config!$G$4)<=2,$D93,0)) | F93: =IF(Config!$G$4=0,0,IF(AND(ABS(($A93-Config!$F$4)/Config!$G$4)>2,ABS(($A93-Config!$F$4)/Config!$G$4)<=3),$D93,0)) | G93: =IF(Config!$G$4=0,0,IF(ABS(($A93-Config!$F$4)/Config!$G$4)>3,$D93,0)) | H93: =IFERROR(NORM.DIST($A93,Config!$F$4,Config!$G$4,FALSE)*Config!$D$4*Config!$J$4,0)
A94: =Config!$K$4+28*Config!$J$4+Config!$J$4/2 | B94: =$A94-Config!$J$4/2 | C94: =$A94+Config!$J$4/2 | D94: =COUNTIFS(RawData!$C$2:$C$941,"LT",RawData!$I$2:$I$941,">="&$B94,RawData!$I$2:$I$941,"<"&$C94,RawData!$I$2:$I$941,"<>0") | E94: =IF(Config!$G$4=0,0,IF(ABS(($A94-Config!$F$4)/Config!$G$4)<=2,$D94,0)) | F94: =IF(Config!$G$4=0,0,IF(AND(ABS(($A94-Config!$F$4)/Config!$G$4)>2,ABS(($A94-Config!$F$4)/Config!$G$4)<=3),$D94,0)) | G94: =IF(Config!$G$4=0,0,IF(ABS(($A94-Config!$F$4)/Config!$G$4)>3,$D94,0)) | H94: =IFERROR(NORM.DIST($A94,Config!$F$4,Config!$G$4,FALSE)*Config!$D$4*Config!$J$4,0)
A95: =Config!$K$4+29*Config!$J$4+Config!$J$4/2 | B95: =$A95-Config!$J$4/2 | C95: =$A95+Config!$J$4/2 | D95: =COUNTIFS(RawData!$C$2:$C$941,"LT",RawData!$I$2:$I$941,">="&$B95,RawData!$I$2:$I$941,"<"&$C95,RawData!$I$2:$I$941,"<>0") | E95: =IF(Config!$G$4=0,0,IF(ABS(($A95-Config!$F$4)/Config!$G$4)<=2,$D95,0)) | F95: =IF(Config!$G$4=0,0,IF(AND(ABS(($A95-Config!$F$4)/Config!$G$4)>2,ABS(($A95-Config!$F$4)/Config!$G$4)<=3),$D95,0)) | G95: =IF(Config!$G$4=0,0,IF(ABS(($A95-Config!$F$4)/Config!$G$4)>3,$D95,0)) | H95: =IFERROR(NORM.DIST($A95,Config!$F$4,Config!$G$4,FALSE)*Config!$D$4*Config!$J$4,0)
A97: BinCenter | B97: BinLo | C97: BinHi | D97: TotalCount | E97: Normal | F97: Warning(2-3s) | G97: Outlier(>3s) | H97: CurveY
A98: =Config!$K$5+0*Config!$J$5+Config!$J$5/2 | B98: =$A98-Config!$J$5/2 | C98: =$A98+Config!$J$5/2 | D98: =COUNTIFS(RawData!$C$2:$C$941,"LT",RawData!$J$2:$J$941,">="&$B98,RawData!$J$2:$J$941,"<"&$C98,RawData!$J$2:$J$941,"<>0") | E98: =IF(Config!$G$5=0,0,IF(ABS(($A98-Config!$F$5)/Config!$G$5)<=2,$D98,0)) | F98: =IF(Config!$G$5=0,0,IF(AND(ABS(($A98-Config!$F$5)/Config!$G$5)>2,ABS(($A98-Config!$F$5)/Config!$G$5)<=3),$D98,0)) | G98: =IF(Config!$G$5=0,0,IF(ABS(($A98-Config!$F$5)/Config!$G$5)>3,$D98,0)) | H98: =IFERROR(NORM.DIST($A98,Config!$F$5,Config!$G$5,FALSE)*Config!$D$5*Config!$J$5,0)
A99: =Config!$K$5+1*Config!$J$5+Config!$J$5/2 | B99: =$A99-Config!$J$5/2 | C99: =$A99+Config!$J$5/2 | D99: =COUNTIFS(RawData!$C$2:$C$941,"LT",RawData!$J$2:$J$941,">="&$B99,RawData!$J$2:$J$941,"<"&$C99,RawData!$J$2:$J$941,"<>0") | E99: =IF(Config!$G$5=0,0,IF(ABS(($A99-Config!$F$5)/Config!$G$5)<=2,$D99,0)) | F99: =IF(Config!$G$5=0,0,IF(AND(ABS(($A99-Config!$F$5)/Config!$G$5)>2,ABS(($A99-Config!$F$5)/Config!$G$5)<=3),$D99,0)) | G99: =IF(Config!$G$5=0,0,IF(ABS(($A99-Config!$F$5)/Config!$G$5)>3,$D99,0)) | H99: =IFERROR(NORM.DIST($A99,Config!$F$5,Config!$G$5,FALSE)*Config!$D$5*Config!$J$5,0)
A100: =Config!$K$5+2*Config!$J$5+Config!$J$5/2 | B100: =$A100-Config!$J$5/2 | C100: =$A100+Config!$J$5/2 | D100: =COUNTIFS(RawData!$C$2:$C$941,"LT",RawData!$J$2:$J$941,">="&$B100,RawData!$J$2:$J$941,"<"&$C100,RawData!$J$2:$J$941,"<>0") | E100: =IF(Config!$G$5=0,0,IF(ABS(($A100-Config!$F$5)/Config!$G$5)<=2,$D100,0)) | F100: =IF(Config!$G$5=0,0,IF(AND(ABS(($A100-Config!$F$5)/Config!$G$5)>2,ABS(($A100-Config!$F$5)/Config!$G$5)<=3),$D100,0)) | G100: =IF(Config!$G$5=0,0,IF(ABS(($A100-Config!$F$5)/Config!$G$5)>3,$D100,0)) | H100: =IFERROR(NORM.DIST($A100,Config!$F$5,Config!$G$5,FALSE)*Config!$D$5*Config!$J$5,0)
A101: =Config!$K$5+3*Config!$J$5+Config!$J$5/2 | B101: =$A101-Config!$J$5/2 | C101: =$A101+Config!$J$5/2 | D101: =COUNTIFS(RawData!$C$2:$C$941,"LT",RawData!$J$2:$J$941,">="&$B101,RawData!$J$2:$J$941,"<"&$C101,RawData!$J$2:$J$941,"<>0") | E101: =IF(Config!$G$5=0,0,IF(ABS(($A101-Config!$F$5)/Config!$G$5)<=2,$D101,0)) | F101: =IF(Config!$G$5=0,0,IF(AND(ABS(($A101-Config!$F$5)/Config!$G$5)>2,ABS(($A101-Config!$F$5)/Config!$G$5)<=3),$D101,0)) | G101: =IF(Config!$G$5=0,0,IF(ABS(($A101-Config!$F$5)/Config!$G$5)>3,$D101,0)) | H101: =IFERROR(NORM.DIST($A101,Config!$F$5,Config!$G$5,FALSE)*Config!$D$5*Config!$J$5,0)
A102: =Config!$K$5+4*Config!$J$5+Config!$J$5/2 | B102: =$A102-Config!$J$5/2 | C102: =$A102+Config!$J$5/2 | D102: =COUNTIFS(RawData!$C$2:$C$941,"LT",RawData!$J$2:$J$941,">="&$B102,RawData!$J$2:$J$941,"<"&$C102,RawData!$J$2:$J$941,"<>0") | E102: =IF(Config!$G$5=0,0,IF(ABS(($A102-Config!$F$5)/Config!$G$5)<=2,$D102,0)) | F102: =IF(Config!$G$5=0,0,IF(AND(ABS(($A102-Config!$F$5)/Config!$G$5)>2,ABS(($A102-Config!$F$5)/Config!$G$5)<=3),$D102,0)) | G102: =IF(Config!$G$5=0,0,IF(ABS(($A102-Config!$F$5)/Config!$G$5)>3,$D102,0)) | H102: =IFERROR(NORM.DIST($A102,Config!$F$5,Config!$G$5,FALSE)*Config!$D$5*Config!$J$5,0)
A103: =Config!$K$5+5*Config!$J$5+Config!$J$5/2 | B103: =$A103-Config!$J$5/2 | C103: =$A103+Config!$J$5/2 | D103: =COUNTIFS(RawData!$C$2:$C$941,"LT",RawData!$J$2:$J$941,">="&$B103,RawData!$J$2:$J$941,"<"&$C103,RawData!$J$2:$J$941,"<>0") | E103: =IF(Config!$G$5=0,0,IF(ABS(($A103-Config!$F$5)/Config!$G$5)<=2,$D103,0)) | F103: =IF(Config!$G$5=0,0,IF(AND(ABS(($A103-Config!$F$5)/Config!$G$5)>2,ABS(($A103-Config!$F$5)/Config!$G$5)<=3),$D103,0)) | G103: =IF(Config!$G$5=0,0,IF(ABS(($A103-Config!$F$5)/Config!$G$5)>3,$D103,0)) | H103: =IFERROR(NORM.DIST($A103,Config!$F$5,Config!$G$5,FALSE)*Config!$D$5*Config!$J$5,0)
...

Sheet MT_HistData
A1: BinCenter | B1: BinLo | C1: BinHi | D1: TotalCount | E1: Normal | F1: Warning(2-3s) | G1: Outlier(>3s) | H1: CurveY
A2: =Config!$K$14+0*Config!$J$14+Config!$J$14/2 | B2: =$A2-Config!$J$14/2 | C2: =$A2+Config!$J$14/2 | D2: =COUNTIFS(RawData!$C$2:$C$941,"MT",RawData!$G$2:$G$941,">="&$B2,RawData!$G$2:$G$941,"<"&$C2,RawData!$G$2:$G$941,"<>0") | E2: =IF(Config!$G$14=0,0,IF(ABS(($A2-Config!$F$14)/Config!$G$14)<=2,$D2,0)) | F2: =IF(Config!$G$14=0,0,IF(AND(ABS(($A2-Config!$F$14)/Config!$G$14)>2,ABS(($A2-Config!$F$14)/Config!$G$14)<=3),$D2,0)) | G2: =IF(Config!$G$14=0,0,IF(ABS(($A2-Config!$F$14)/Config!$G$14)>3,$D2,0)) | H2: =IFERROR(NORM.DIST($A2,Config!$F$14,Config!$G$14,FALSE)*Config!$D$14*Config!$J$14,0)
A3: =Config!$K$14+1*Config!$J$14+Config!$J$14/2 | B3: =$A3-Config!$J$14/2 | C3: =$A3+Config!$J$14/2 | D3: =COUNTIFS(RawData!$C$2:$C$941,"MT",RawData!$G$2:$G$941,">="&$B3,RawData!$G$2:$G$941,"<"&$C3,RawData!$G$2:$G$941,"<>0") | E3: =IF(Config!$G$14=0,0,IF(ABS(($A3-Config!$F$14)/Config!$G$14)<=2,$D3,0)) | F3: =IF(Config!$G$14=0,0,IF(AND(ABS(($A3-Config!$F$14)/Config!$G$14)>2,ABS(($A3-Config!$F$14)/Config!$G$14)<=3),$D3,0)) | G3: =IF(Config!$G$14=0,0,IF(ABS(($A3-Config!$F$14)/Config!$G$14)>3,$D3,0)) | H3: =IFERROR(NORM.DIST($A3,Config!$F$14,Config!$G$14,FALSE)*Config!$D$14*Config!$J$14,0)
A4: =Config!$K$14+2*Config!$J$14+Config!$J$14/2 | B4: =$A4-Config!$J$14/2 | C4: =$A4+Config!$J$14/2 | D4: =COUNTIFS(RawData!$C$2:$C$941,"MT",RawData!$G$2:$G$941,">="&$B4,RawData!$G$2:$G$941,"<"&$C4,RawData!$G$2:$G$941,"<>0") | E4: =IF(Config!$G$14=0,0,IF(ABS(($A4-Config!$F$14)/Config!$G$14)<=2,$D4,0)) | F4: =IF(Config!$G$14=0,0,IF(AND(ABS(($A4-Config!$F$14)/Config!$G$14)>2,ABS(($A4-Config!$F$14)/Config!$G$14)<=3),$D4,0)) | G4: =IF(Config!$G$14=0,0,IF(ABS(($A4-Config!$F$14)/Config!$G$14)>3,$D4,0)) | H4: =IFERROR(NORM.DIST($A4,Config!$F$14,Config!$G$14,FALSE)*Config!$D$14*Config!$J$14,0)
A5: =Config!$K$14+3*Config!$J$14+Config!$J$14/2 | B5: =$A5-Config!$J$14/2 | C5: =$A5+Config!$J$14/2 | D5: =COUNTIFS(RawData!$C$2:$C$941,"MT",RawData!$G$2:$G$941,">="&$B5,RawData!$G$2:$G$941,"<"&$C5,RawData!$G$2:$G$941,"<>0") | E5: =IF(Config!$G$14=0,0,IF(ABS(($A5-Config!$F$14)/Config!$G$14)<=2,$D5,0)) | F5: =IF(Config!$G$14=0,0,IF(AND(ABS(($A5-Config!$F$14)/Config!$G$14)>2,ABS(($A5-Config!$F$14)/Config!$G$14)<=3),$D5,0)) | G5: =IF(Config!$G$14=0,0,IF(ABS(($A5-Config!$F$14)/Config!$G$14)>3,$D5,0)) | H5: =IFERROR(NORM.DIST($A5,Config!$F$14,Config!$G$14,FALSE)*Config!$D$14*Config!$J$14,0)
A6: =Config!$K$14+4*Config!$J$14+Config!$J$14/2 | B6: =$A6-Config!$J$14/2 | C6: =$A6+Config!$J$14/2 | D6: =COUNTIFS(RawData!$C$2:$C$941,"MT",RawData!$G$2:$G$941,">="&$B6,RawData!$G$2:$G$941,"<"&$C6,RawData!$G$2:$G$941,"<>0") | E6: =IF(Config!$G$14=0,0,IF(ABS(($A6-Config!$F$14)/Config!$G$14)<=2,$D6,0)) | F6: =IF(Config!$G$14=0,0,IF(AND(ABS(($A6-Config!$F$14)/Config!$G$14)>2,ABS(($A6-Config!$F$14)/Config!$G$14)<=3),$D6,0)) | G6: =IF(Config!$G$14=0,0,IF(ABS(($A6-Config!$F$14)/Config!$G$14)>3,$D6,0)) | H6: =IFERROR(NORM.DIST($A6,Config!$F$14,Config!$G$14,FALSE)*Config!$D$14*Config!$J$14,0)
A7: =Config!$K$14+5*Config!$J$14+Config!$J$14/2 | B7: =$A7-Config!$J$14/2 | C7: =$A7+Config!$J$14/2 | D7: =COUNTIFS(RawData!$C$2:$C$941,"MT",RawData!$G$2:$G$941,">="&$B7,RawData!$G$2:$G$941,"<"&$C7,RawData!$G$2:$G$941,"<>0") | E7: =IF(Config!$G$14=0,0,IF(ABS(($A7-Config!$F$14)/Config!$G$14)<=2,$D7,0)) | F7: =IF(Config!$G$14=0,0,IF(AND(ABS(($A7-Config!$F$14)/Config!$G$14)>2,ABS(($A7-Config!$F$14)/Config!$G$14)<=3),$D7,0)) | G7: =IF(Config!$G$14=0,0,IF(ABS(($A7-Config!$F$14)/Config!$G$14)>3,$D7,0)) | H7: =IFERROR(NORM.DIST($A7,Config!$F$14,Config!$G$14,FALSE)*Config!$D$14*Config!$J$14,0)
A8: =Config!$K$14+6*Config!$J$14+Config!$J$14/2 | B8: =$A8-Config!$J$14/2 | C8: =$A8+Config!$J$14/2 | D8: =COUNTIFS(RawData!$C$2:$C$941,"MT",RawData!$G$2:$G$941,">="&$B8,RawData!$G$2:$G$941,"<"&$C8,RawData!$G$2:$G$941,"<>0") | E8: =IF(Config!$G$14=0,0,IF(ABS(($A8-Config!$F$14)/Config!$G$14)<=2,$D8,0)) | F8: =IF(Config!$G$14=0,0,IF(AND(ABS(($A8-Config!$F$14)/Config!$G$14)>2,ABS(($A8-Config!$F$14)/Config!$G$14)<=3),$D8,0)) | G8: =IF(Config!$G$14=0,0,IF(ABS(($A8-Config!$F$14)/Config!$G$14)>3,$D8,0)) | H8: =IFERROR(NORM.DIST($A8,Config!$F$14,Config!$G$14,FALSE)*Config!$D$14*Config!$J$14,0)
A9: =Config!$K$14+7*Config!$J$14+Config!$J$14/2 | B9: =$A9-Config!$J$14/2 | C9: =$A9+Config!$J$14/2 | D9: =COUNTIFS(RawData!$C$2:$C$941,"MT",RawData!$G$2:$G$941,">="&$B9,RawData!$G$2:$G$941,"<"&$C9,RawData!$G$2:$G$941,"<>0") | E9: =IF(Config!$G$14=0,0,IF(ABS(($A9-Config!$F$14)/Config!$G$14)<=2,$D9,0)) | F9: =IF(Config!$G$14=0,0,IF(AND(ABS(($A9-Config!$F$14)/Config!$G$14)>2,ABS(($A9-Config!$F$14)/Config!$G$14)<=3),$D9,0)) | G9: =IF(Config!$G$14=0,0,IF(ABS(($A9-Config!$F$14)/Config!$G$14)>3,$D9,0)) | H9: =IFERROR(NORM.DIST($A9,Config!$F$14,Config!$G$14,FALSE)*Config!$D$14*Config!$J$14,0)
A10: =Config!$K$14+8*Config!$J$14+Config!$J$14/2 | B10: =$A10-Config!$J$14/2 | C10: =$A10+Config!$J$14/2 | D10: =COUNTIFS(RawData!$C$2:$C$941,"MT",RawData!$G$2:$G$941,">="&$B10,RawData!$G$2:$G$941,"<"&$C10,RawData!$G$2:$G$941,"<>0") | E10: =IF(Config!$G$14=0,0,IF(ABS(($A10-Config!$F$14)/Config!$G$14)<=2,$D10,0)) | F10: =IF(Config!$G$14=0,0,IF(AND(ABS(($A10-Config!$F$14)/Config!$G$14)>2,ABS(($A10-Config!$F$14)/Config!$G$14)<=3),$D10,0)) | G10: =IF(Config!$G$14=0,0,IF(ABS(($A10-Config!$F$14)/Config!$G$14)>3,$D10,0)) | H10: =IFERROR(NORM.DIST($A10,Config!$F$14,Config!$G$14,FALSE)*Config!$D$14*Config!$J$14,0)
A11: =Config!$K$14+9*Config!$J$14+Config!$J$14/2 | B11: =$A11-Config!$J$14/2 | C11: =$A11+Config!$J$14/2 | D11: =COUNTIFS(RawData!$C$2:$C$941,"MT",RawData!$G$2:$G$941,">="&$B11,RawData!$G$2:$G$941,"<"&$C11,RawData!$G$2:$G$941,"<>0") | E11: =IF(Config!$G$14=0,0,IF(ABS(($A11-Config!$F$14)/Config!$G$14)<=2,$D11,0)) | F11: =IF(Config!$G$14=0,0,IF(AND(ABS(($A11-Config!$F$14)/Config!$G$14)>2,ABS(($A11-Config!$F$14)/Config!$G$14)<=3),$D11,0)) | G11: =IF(Config!$G$14=0,0,IF(ABS(($A11-Config!$F$14)/Config!$G$14)>3,$D11,0)) | H11: =IFERROR(NORM.DIST($A11,Config!$F$14,Config!$G$14,FALSE)*Config!$D$14*Config!$J$14,0)
A12: =Config!$K$14+10*Config!$J$14+Config!$J$14/2 | B12: =$A12-Config!$J$14/2 | C12: =$A12+Config!$J$14/2 | D12: =COUNTIFS(RawData!$C$2:$C$941,"MT",RawData!$G$2:$G$941,">="&$B12,RawData!$G$2:$G$941,"<"&$C12,RawData!$G$2:$G$941,"<>0") | E12: =IF(Config!$G$14=0,0,IF(ABS(($A12-Config!$F$14)/Config!$G$14)<=2,$D12,0)) | F12: =IF(Config!$G$14=0,0,IF(AND(ABS(($A12-Config!$F$14)/Config!$G$14)>2,ABS(($A12-Config!$F$14)/Config!$G$14)<=3),$D12,0)) | G12: =IF(Config!$G$14=0,0,IF(ABS(($A12-Config!$F$14)/Config!$G$14)>3,$D12,0)) | H12: =IFERROR(NORM.DIST($A12,Config!$F$14,Config!$G$14,FALSE)*Config!$D$14*Config!$J$14,0)
A13: =Config!$K$14+11*Config!$J$14+Config!$J$14/2 | B13: =$A13-Config!$J$14/2 | C13: =$A13+Config!$J$14/2 | D13: =COUNTIFS(RawData!$C$2:$C$941,"MT",RawData!$G$2:$G$941,">="&$B13,RawData!$G$2:$G$941,"<"&$C13,RawData!$G$2:$G$941,"<>0") | E13: =IF(Config!$G$14=0,0,IF(ABS(($A13-Config!$F$14)/Config!$G$14)<=2,$D13,0)) | F13: =IF(Config!$G$14=0,0,IF(AND(ABS(($A13-Config!$F$14)/Config!$G$14)>2,ABS(($A13-Config!$F$14)/Config!$G$14)<=3),$D13,0)) | G13: =IF(Config!$G$14=0,0,IF(ABS(($A13-Config!$F$14)/Config!$G$14)>3,$D13,0)) | H13: =IFERROR(NORM.DIST($A13,Config!$F$14,Config!$G$14,FALSE)*Config!$D$14*Config!$J$14,0)
A14: =Config!$K$14+12*Config!$J$14+Config!$J$14/2 | B14: =$A14-Config!$J$14/2 | C14: =$A14+Config!$J$14/2 | D14: =COUNTIFS(RawData!$C$2:$C$941,"MT",RawData!$G$2:$G$941,">="&$B14,RawData!$G$2:$G$941,"<"&$C14,RawData!$G$2:$G$941,"<>0") | E14: =IF(Config!$G$14=0,0,IF(ABS(($A14-Config!$F$14)/Config!$G$14)<=2,$D14,0)) | F14: =IF(Config!$G$14=0,0,IF(AND(ABS(($A14-Config!$F$14)/Config!$G$14)>2,ABS(($A14-Config!$F$14)/Config!$G$14)<=3),$D14,0)) | G14: =IF(Config!$G$14=0,0,IF(ABS(($A14-Config!$F$14)/Config!$G$14)>3,$D14,0)) | H14: =IFERROR(NORM.DIST($A14,Config!$F$14,Config!$G$14,FALSE)*Config!$D$14*Config!$J$14,0)
A15: =Config!$K$14+13*Config!$J$14+Config!$J$14/2 | B15: =$A15-Config!$J$14/2 | C15: =$A15+Config!$J$14/2 | D15: =COUNTIFS(RawData!$C$2:$C$941,"MT",RawData!$G$2:$G$941,">="&$B15,RawData!$G$2:$G$941,"<"&$C15,RawData!$G$2:$G$941,"<>0") | E15: =IF(Config!$G$14=0,0,IF(ABS(($A15-Config!$F$14)/Config!$G$14)<=2,$D15,0)) | F15: =IF(Config!$G$14=0,0,IF(AND(ABS(($A15-Config!$F$14)/Config!$G$14)>2,ABS(($A15-Config!$F$14)/Config!$G$14)<=3),$D15,0)) | G15: =IF(Config!$G$14=0,0,IF(ABS(($A15-Config!$F$14)/Config!$G$14)>3,$D15,0)) | H15: =IFERROR(NORM.DIST($A15,Config!$F$14,Config!$G$14,FALSE)*Config!$D$14*Config!$J$14,0)
A16: =Config!$K$14+14*Config!$J$14+Config!$J$14/2 | B16: =$A16-Config!$J$14/2 | C16: =$A16+Config!$J$14/2 | D16: =COUNTIFS(RawData!$C$2:$C$941,"MT",RawData!$G$2:$G$941,">="&$B16,RawData!$G$2:$G$941,"<"&$C16,RawData!$G$2:$G$941,"<>0") | E16: =IF(Config!$G$14=0,0,IF(ABS(($A16-Config!$F$14)/Config!$G$14)<=2,$D16,0)) | F16: =IF(Config!$G$14=0,0,IF(AND(ABS(($A16-Config!$F$14)/Config!$G$14)>2,ABS(($A16-Config!$F$14)/Config!$G$14)<=3),$D16,0)) | G16: =IF(Config!$G$14=0,0,IF(ABS(($A16-Config!$F$14)/Config!$G$14)>3,$D16,0)) | H16: =IFERROR(NORM.DIST($A16,Config!$F$14,Config!$G$14,FALSE)*Config!$D$14*Config!$J$14,0)
A17: =Config!$K$14+15*Config!$J$14+Config!$J$14/2 | B17: =$A17-Config!$J$14/2 | C17: =$A17+Config!$J$14/2 | D17: =COUNTIFS(RawData!$C$2:$C$941,"MT",RawData!$G$2:$G$941,">="&$B17,RawData!$G$2:$G$941,"<"&$C17,RawData!$G$2:$G$941,"<>0") | E17: =IF(Config!$G$14=0,0,IF(ABS(($A17-Config!$F$14)/Config!$G$14)<=2,$D17,0)) | F17: =IF(Config!$G$14=0,0,IF(AND(ABS(($A17-Config!$F$14)/Config!$G$14)>2,ABS(($A17-Config!$F$14)/Config!$G$14)<=3),$D17,0)) | G17: =IF(Config!$G$14=0,0,IF(ABS(($A17-Config!$F$14)/Config!$G$14)>3,$D17,0)) | H17: =IFERROR(NORM.DIST($A17,Config!$F$14,Config!$G$14,FALSE)*Config!$D$14*Config!$J$14,0)
A18: =Config!$K$14+16*Config!$J$14+Config!$J$14/2 | B18: =$A18-Config!$J$14/2 | C18: =$A18+Config!$J$14/2 | D18: =COUNTIFS(RawData!$C$2:$C$941,"MT",RawData!$G$2:$G$941,">="&$B18,RawData!$G$2:$G$941,"<"&$C18,RawData!$G$2:$G$941,"<>0") | E18: =IF(Config!$G$14=0,0,IF(ABS(($A18-Config!$F$14)/Config!$G$14)<=2,$D18,0)) | F18: =IF(Config!$G$14=0,0,IF(AND(ABS(($A18-Config!$F$14)/Config!$G$14)>2,ABS(($A18-Config!$F$14)/Config!$G$14)<=3),$D18,0)) | G18: =IF(Config!$G$14=0,0,IF(ABS(($A18-Config!$F$14)/Config!$G$14)>3,$D18,0)) | H18: =IFERROR(NORM.DIST($A18,Config!$F$14,Config!$G$14,FALSE)*Config!$D$14*Config!$J$14,0)
A19: =Config!$K$14+17*Config!$J$14+Config!$J$14/2 | B19: =$A19-Config!$J$14/2 | C19: =$A19+Config!$J$14/2 | D19: =COUNTIFS(RawData!$C$2:$C$941,"MT",RawData!$G$2:$G$941,">="&$B19,RawData!$G$2:$G$941,"<"&$C19,RawData!$G$2:$G$941,"<>0") | E19: =IF(Config!$G$14=0,0,IF(ABS(($A19-Config!$F$14)/Config!$G$14)<=2,$D19,0)) | F19: =IF(Config!$G$14=0,0,IF(AND(ABS(($A19-Config!$F$14)/Config!$G$14)>2,ABS(($A19-Config!$F$14)/Config!$G$14)<=3),$D19,0)) | G19: =IF(Config!$G$14=0,0,IF(ABS(($A19-Config!$F$14)/Config!$G$14)>3,$D19,0)) | H19: =IFERROR(NORM.DIST($A19,Config!$F$14,Config!$G$14,FALSE)*Config!$D$14*Config!$J$14,0)
A20: =Config!$K$14+18*Config!$J$14+Config!$J$14/2 | B20: =$A20-Config!$J$14/2 | C20: =$A20+Config!$J$14/2 | D20: =COUNTIFS(RawData!$C$2:$C$941,"MT",RawData!$G$2:$G$941,">="&$B20,RawData!$G$2:$G$941,"<"&$C20,RawData!$G$2:$G$941,"<>0") | E20: =IF(Config!$G$14=0,0,IF(ABS(($A20-Config!$F$14)/Config!$G$14)<=2,$D20,0)) | F20: =IF(Config!$G$14=0,0,IF(AND(ABS(($A20-Config!$F$14)/Config!$G$14)>2,ABS(($A20-Config!$F$14)/Config!$G$14)<=3),$D20,0)) | G20: =IF(Config!$G$14=0,0,IF(ABS(($A20-Config!$F$14)/Config!$G$14)>3,$D20,0)) | H20: =IFERROR(NORM.DIST($A20,Config!$F$14,Config!$G$14,FALSE)*Config!$D$14*Config!$J$14,0)
A21: =Config!$K$14+19*Config!$J$14+Config!$J$14/2 | B21: =$A21-Config!$J$14/2 | C21: =$A21+Config!$J$14/2 | D21: =COUNTIFS(RawData!$C$2:$C$941,"MT",RawData!$G$2:$G$941,">="&$B21,RawData!$G$2:$G$941,"<"&$C21,RawData!$G$2:$G$941,"<>0") | E21: =IF(Config!$G$14=0,0,IF(ABS(($A21-Config!$F$14)/Config!$G$14)<=2,$D21,0)) | F21: =IF(Config!$G$14=0,0,IF(AND(ABS(($A21-Config!$F$14)/Config!$G$14)>2,ABS(($A21-Config!$F$14)/Config!$G$14)<=3),$D21,0)) | G21: =IF(Config!$G$14=0,0,IF(ABS(($A21-Config!$F$14)/Config!$G$14)>3,$D21,0)) | H21: =IFERROR(NORM.DIST($A21,Config!$F$14,Config!$G$14,FALSE)*Config!$D$14*Config!$J$14,0)
A22: =Config!$K$14+20*Config!$J$14+Config!$J$14/2 | B22: =$A22-Config!$J$14/2 | C22: =$A22+Config!$J$14/2 | D22: =COUNTIFS(RawData!$C$2:$C$941,"MT",RawData!$G$2:$G$941,">="&$B22,RawData!$G$2:$G$941,"<"&$C22,RawData!$G$2:$G$941,"<>0") | E22: =IF(Config!$G$14=0,0,IF(ABS(($A22-Config!$F$14)/Config!$G$14)<=2,$D22,0)) | F22: =IF(Config!$G$14=0,0,IF(AND(ABS(($A22-Config!$F$14)/Config!$G$14)>2,ABS(($A22-Config!$F$14)/Config!$G$14)<=3),$D22,0)) | G22: =IF(Config!$G$14=0,0,IF(ABS(($A22-Config!$F$14)/Config!$G$14)>3,$D22,0)) | H22: =IFERROR(NORM.DIST($A22,Config!$F$14,Config!$G$14,FALSE)*Config!$D$14*Config!$J$14,0)
A23: =Config!$K$14+21*Config!$J$14+Config!$J$14/2 | B23: =$A23-Config!$J$14/2 | C23: =$A23+Config!$J$14/2 | D23: =COUNTIFS(RawData!$C$2:$C$941,"MT",RawData!$G$2:$G$941,">="&$B23,RawData!$G$2:$G$941,"<"&$C23,RawData!$G$2:$G$941,"<>0") | E23: =IF(Config!$G$14=0,0,IF(ABS(($A23-Config!$F$14)/Config!$G$14)<=2,$D23,0)) | F23: =IF(Config!$G$14=0,0,IF(AND(ABS(($A23-Config!$F$14)/Config!$G$14)>2,ABS(($A23-Config!$F$14)/Config!$G$14)<=3),$D23,0)) | G23: =IF(Config!$G$14=0,0,IF(ABS(($A23-Config!$F$14)/Config!$G$14)>3,$D23,0)) | H23: =IFERROR(NORM.DIST($A23,Config!$F$14,Config!$G$14,FALSE)*Config!$D$14*Config!$J$14,0)
A24: =Config!$K$14+22*Config!$J$14+Config!$J$14/2 | B24: =$A24-Config!$J$14/2 | C24: =$A24+Config!$J$14/2 | D24: =COUNTIFS(RawData!$C$2:$C$941,"MT",RawData!$G$2:$G$941,">="&$B24,RawData!$G$2:$G$941,"<"&$C24,RawData!$G$2:$G$941,"<>0") | E24: =IF(Config!$G$14=0,0,IF(ABS(($A24-Config!$F$14)/Config!$G$14)<=2,$D24,0)) | F24: =IF(Config!$G$14=0,0,IF(AND(ABS(($A24-Config!$F$14)/Config!$G$14)>2,ABS(($A24-Config!$F$14)/Config!$G$14)<=3),$D24,0)) | G24: =IF(Config!$G$14=0,0,IF(ABS(($A24-Config!$F$14)/Config!$G$14)>3,$D24,0)) | H24: =IFERROR(NORM.DIST($A24,Config!$F$14,Config!$G$14,FALSE)*Config!$D$14*Config!$J$14,0)
A25: =Config!$K$14+23*Config!$J$14+Config!$J$14/2 | B25: =$A25-Config!$J$14/2 | C25: =$A25+Config!$J$14/2 | D25: =COUNTIFS(RawData!$C$2:$C$941,"MT",RawData!$G$2:$G$941,">="&$B25,RawData!$G$2:$G$941,"<"&$C25,RawData!$G$2:$G$941,"<>0") | E25: =IF(Config!$G$14=0,0,IF(ABS(($A25-Config!$F$14)/Config!$G$14)<=2,$D25,0)) | F25: =IF(Config!$G$14=0,0,IF(AND(ABS(($A25-Config!$F$14)/Config!$G$14)>2,ABS(($A25-Config!$F$14)/Config!$G$14)<=3),$D25,0)) | G25: =IF(Config!$G$14=0,0,IF(ABS(($A25-Config!$F$14)/Config!$G$14)>3,$D25,0)) | H25: =IFERROR(NORM.DIST($A25,Config!$F$14,Config!$G$14,FALSE)*Config!$D$14*Config!$J$14,0)
A26: =Config!$K$14+24*Config!$J$14+Config!$J$14/2 | B26: =$A26-Config!$J$14/2 | C26: =$A26+Config!$J$14/2 | D26: =COUNTIFS(RawData!$C$2:$C$941,"MT",RawData!$G$2:$G$941,">="&$B26,RawData!$G$2:$G$941,"<"&$C26,RawData!$G$2:$G$941,"<>0") | E26: =IF(Config!$G$14=0,0,IF(ABS(($A26-Config!$F$14)/Config!$G$14)<=2,$D26,0)) | F26: =IF(Config!$G$14=0,0,IF(AND(ABS(($A26-Config!$F$14)/Config!$G$14)>2,ABS(($A26-Config!$F$14)/Config!$G$14)<=3),$D26,0)) | G26: =IF(Config!$G$14=0,0,IF(ABS(($A26-Config!$F$14)/Config!$G$14)>3,$D26,0)) | H26: =IFERROR(NORM.DIST($A26,Config!$F$14,Config!$G$14,FALSE)*Config!$D$14*Config!$J$14,0)
A27: =Config!$K$14+25*Config!$J$14+Config!$J$14/2 | B27: =$A27-Config!$J$14/2 | C27: =$A27+Config!$J$14/2 | D27: =COUNTIFS(RawData!$C$2:$C$941,"MT",RawData!$G$2:$G$941,">="&$B27,RawData!$G$2:$G$941,"<"&$C27,RawData!$G$2:$G$941,"<>0") | E27: =IF(Config!$G$14=0,0,IF(ABS(($A27-Config!$F$14)/Config!$G$14)<=2,$D27,0)) | F27: =IF(Config!$G$14=0,0,IF(AND(ABS(($A27-Config!$F$14)/Config!$G$14)>2,ABS(($A27-Config!$F$14)/Config!$G$14)<=3),$D27,0)) | G27: =IF(Config!$G$14=0,0,IF(ABS(($A27-Config!$F$14)/Config!$G$14)>3,$D27,0)) | H27: =IFERROR(NORM.DIST($A27,Config!$F$14,Config!$G$14,FALSE)*Config!$D$14*Config!$J$14,0)
A28: =Config!$K$14+26*Config!$J$14+Config!$J$14/2 | B28: =$A28-Config!$J$14/2 | C28: =$A28+Config!$J$14/2 | D28: =COUNTIFS(RawData!$C$2:$C$941,"MT",RawData!$G$2:$G$941,">="&$B28,RawData!$G$2:$G$941,"<"&$C28,RawData!$G$2:$G$941,"<>0") | E28: =IF(Config!$G$14=0,0,IF(ABS(($A28-Config!$F$14)/Config!$G$14)<=2,$D28,0)) | F28: =IF(Config!$G$14=0,0,IF(AND(ABS(($A28-Config!$F$14)/Config!$G$14)>2,ABS(($A28-Config!$F$14)/Config!$G$14)<=3),$D28,0)) | G28: =IF(Config!$G$14=0,0,IF(ABS(($A28-Config!$F$14)/Config!$G$14)>3,$D28,0)) | H28: =IFERROR(NORM.DIST($A28,Config!$F$14,Config!$G$14,FALSE)*Config!$D$14*Config!$J$14,0)
A29: =Config!$K$14+27*Config!$J$14+Config!$J$14/2 | B29: =$A29-Config!$J$14/2 | C29: =$A29+Config!$J$14/2 | D29: =COUNTIFS(RawData!$C$2:$C$941,"MT",RawData!$G$2:$G$941,">="&$B29,RawData!$G$2:$G$941,"<"&$C29,RawData!$G$2:$G$941,"<>0") | E29: =IF(Config!$G$14=0,0,IF(ABS(($A29-Config!$F$14)/Config!$G$14)<=2,$D29,0)) | F29: =IF(Config!$G$14=0,0,IF(AND(ABS(($A29-Config!$F$14)/Config!$G$14)>2,ABS(($A29-Config!$F$14)/Config!$G$14)<=3),$D29,0)) | G29: =IF(Config!$G$14=0,0,IF(ABS(($A29-Config!$F$14)/Config!$G$14)>3,$D29,0)) | H29: =IFERROR(NORM.DIST($A29,Config!$F$14,Config!$G$14,FALSE)*Config!$D$14*Config!$J$14,0)
A30: =Config!$K$14+28*Config!$J$14+Config!$J$14/2 | B30: =$A30-Config!$J$14/2 | C30: =$A30+Config!$J$14/2 | D30: =COUNTIFS(RawData!$C$2:$C$941,"MT",RawData!$G$2:$G$941,">="&$B30,RawData!$G$2:$G$941,"<"&$C30,RawData!$G$2:$G$941,"<>0") | E30: =IF(Config!$G$14=0,0,IF(ABS(($A30-Config!$F$14)/Config!$G$14)<=2,$D30,0)) | F30: =IF(Config!$G$14=0,0,IF(AND(ABS(($A30-Config!$F$14)/Config!$G$14)>2,ABS(($A30-Config!$F$14)/Config!$G$14)<=3),$D30,0)) | G30: =IF(Config!$G$14=0,0,IF(ABS(($A30-Config!$F$14)/Config!$G$14)>3,$D30,0)) | H30: =IFERROR(NORM.DIST($A30,Config!$F$14,Config!$G$14,FALSE)*Config!$D$14*Config!$J$14,0)
A31: =Config!$K$14+29*Config!$J$14+Config!$J$14/2 | B31: =$A31-Config!$J$14/2 | C31: =$A31+Config!$J$14/2 | D31: =COUNTIFS(RawData!$C$2:$C$941,"MT",RawData!$G$2:$G$941,">="&$B31,RawData!$G$2:$G$941,"<"&$C31,RawData!$G$2:$G$941,"<>0") | E31: =IF(Config!$G$14=0,0,IF(ABS(($A31-Config!$F$14)/Config!$G$14)<=2,$D31,0)) | F31: =IF(Config!$G$14=0,0,IF(AND(ABS(($A31-Config!$F$14)/Config!$G$14)>2,ABS(($A31-Config!$F$14)/Config!$G$14)<=3),$D31,0)) | G31: =IF(Config!$G$14=0,0,IF(ABS(($A31-Config!$F$14)/Config!$G$14)>3,$D31,0)) | H31: =IFERROR(NORM.DIST($A31,Config!$F$14,Config!$G$14,FALSE)*Config!$D$14*Config!$J$14,0)
A33: BinCenter | B33: BinLo | C33: BinHi | D33: TotalCount | E33: Normal | F33: Warning(2-3s) | G33: Outlier(>3s) | H33: CurveY
A34: =Config!$K$15+0*Config!$J$15+Config!$J$15/2 | B34: =$A34-Config!$J$15/2 | C34: =$A34+Config!$J$15/2 | D34: =COUNTIFS(RawData!$C$2:$C$941,"MT",RawData!$H$2:$H$941,">="&$B34,RawData!$H$2:$H$941,"<"&$C34,RawData!$H$2:$H$941,"<>0") | E34: =IF(Config!$G$15=0,0,IF(ABS(($A34-Config!$F$15)/Config!$G$15)<=2,$D34,0)) | F34: =IF(Config!$G$15=0,0,IF(AND(ABS(($A34-Config!$F$15)/Config!$G$15)>2,ABS(($A34-Config!$F$15)/Config!$G$15)<=3),$D34,0)) | G34: =IF(Config!$G$15=0,0,IF(ABS(($A34-Config!$F$15)/Config!$G$15)>3,$D34,0)) | H34: =IFERROR(NORM.DIST($A34,Config!$F$15,Config!$G$15,FALSE)*Config!$D$15*Config!$J$15,0)
A35: =Config!$K$15+1*Config!$J$15+Config!$J$15/2 | B35: =$A35-Config!$J$15/2 | C35: =$A35+Config!$J$15/2 | D35: =COUNTIFS(RawData!$C$2:$C$941,"MT",RawData!$H$2:$H$941,">="&$B35,RawData!$H$2:$H$941,"<"&$C35,RawData!$H$2:$H$941,"<>0") | E35: =IF(Config!$G$15=0,0,IF(ABS(($A35-Config!$F$15)/Config!$G$15)<=2,$D35,0)) | F35: =IF(Config!$G$15=0,0,IF(AND(ABS(($A35-Config!$F$15)/Config!$G$15)>2,ABS(($A35-Config!$F$15)/Config!$G$15)<=3),$D35,0)) | G35: =IF(Config!$G$15=0,0,IF(ABS(($A35-Config!$F$15)/Config!$G$15)>3,$D35,0)) | H35: =IFERROR(NORM.DIST($A35,Config!$F$15,Config!$G$15,FALSE)*Config!$D$15*Config!$J$15,0)
A36: =Config!$K$15+2*Config!$J$15+Config!$J$15/2 | B36: =$A36-Config!$J$15/2 | C36: =$A36+Config!$J$15/2 | D36: =COUNTIFS(RawData!$C$2:$C$941,"MT",RawData!$H$2:$H$941,">="&$B36,RawData!$H$2:$H$941,"<"&$C36,RawData!$H$2:$H$941,"<>0") | E36: =IF(Config!$G$15=0,0,IF(ABS(($A36-Config!$F$15)/Config!$G$15)<=2,$D36,0)) | F36: =IF(Config!$G$15=0,0,IF(AND(ABS(($A36-Config!$F$15)/Config!$G$15)>2,ABS(($A36-Config!$F$15)/Config!$G$15)<=3),$D36,0)) | G36: =IF(Config!$G$15=0,0,IF(ABS(($A36-Config!$F$15)/Config!$G$15)>3,$D36,0)) | H36: =IFERROR(NORM.DIST($A36,Config!$F$15,Config!$G$15,FALSE)*Config!$D$15*Config!$J$15,0)
A37: =Config!$K$15+3*Config!$J$15+Config!$J$15/2 | B37: =$A37-Config!$J$15/2 | C37: =$A37+Config!$J$15/2 | D37: =COUNTIFS(RawData!$C$2:$C$941,"MT",RawData!$H$2:$H$941,">="&$B37,RawData!$H$2:$H$941,"<"&$C37,RawData!$H$2:$H$941,"<>0") | E37: =IF(Config!$G$15=0,0,IF(ABS(($A37-Config!$F$15)/Config!$G$15)<=2,$D37,0)) | F37: =IF(Config!$G$15=0,0,IF(AND(ABS(($A37-Config!$F$15)/Config!$G$15)>2,ABS(($A37-Config!$F$15)/Config!$G$15)<=3),$D37,0)) | G37: =IF(Config!$G$15=0,0,IF(ABS(($A37-Config!$F$15)/Config!$G$15)>3,$D37,0)) | H37: =IFERROR(NORM.DIST($A37,Config!$F$15,Config!$G$15,FALSE)*Config!$D$15*Config!$J$15,0)
A38: =Config!$K$15+4*Config!$J$15+Config!$J$15/2 | B38: =$A38-Config!$J$15/2 | C38: =$A38+Config!$J$15/2 | D38: =COUNTIFS(RawData!$C$2:$C$941,"MT",RawData!$H$2:$H$941,">="&$B38,RawData!$H$2:$H$941,"<"&$C38,RawData!$H$2:$H$941,"<>0") | E38: =IF(Config!$G$15=0,0,IF(ABS(($A38-Config!$F$15)/Config!$G$15)<=2,$D38,0)) | F38: =IF(Config!$G$15=0,0,IF(AND(ABS(($A38-Config!$F$15)/Config!$G$15)>2,ABS(($A38-Config!$F$15)/Config!$G$15)<=3),$D38,0)) | G38: =IF(Config!$G$15=0,0,IF(ABS(($A38-Config!$F$15)/Config!$G$15)>3,$D38,0)) | H38: =IFERROR(NORM.DIST($A38,Config!$F$15,Config!$G$15,FALSE)*Config!$D$15*Config!$J$15,0)
A39: =Config!$K$15+5*Config!$J$15+Config!$J$15/2 | B39: =$A39-Config!$J$15/2 | C39: =$A39+Config!$J$15/2 | D39: =COUNTIFS(RawData!$C$2:$C$941,"MT",RawData!$H$2:$H$941,">="&$B39,RawData!$H$2:$H$941,"<"&$C39,RawData!$H$2:$H$941,"<>0") | E39: =IF(Config!$G$15=0,0,IF(ABS(($A39-Config!$F$15)/Config!$G$15)<=2,$D39,0)) | F39: =IF(Config!$G$15=0,0,IF(AND(ABS(($A39-Config!$F$15)/Config!$G$15)>2,ABS(($A39-Config!$F$15)/Config!$G$15)<=3),$D39,0)) | G39: =IF(Config!$G$15=0,0,IF(ABS(($A39-Config!$F$15)/Config!$G$15)>3,$D39,0)) | H39: =IFERROR(NORM.DIST($A39,Config!$F$15,Config!$G$15,FALSE)*Config!$D$15*Config!$J$15,0)
A40: =Config!$K$15+6*Config!$J$15+Config!$J$15/2 | B40: =$A40-Config!$J$15/2 | C40: =$A40+Config!$J$15/2 | D40: =COUNTIFS(RawData!$C$2:$C$941,"MT",RawData!$H$2:$H$941,">="&$B40,RawData!$H$2:$H$941,"<"&$C40,RawData!$H$2:$H$941,"<>0") | E40: =IF(Config!$G$15=0,0,IF(ABS(($A40-Config!$F$15)/Config!$G$15)<=2,$D40,0)) | F40: =IF(Config!$G$15=0,0,IF(AND(ABS(($A40-Config!$F$15)/Config!$G$15)>2,ABS(($A40-Config!$F$15)/Config!$G$15)<=3),$D40,0)) | G40: =IF(Config!$G$15=0,0,IF(ABS(($A40-Config!$F$15)/Config!$G$15)>3,$D40,0)) | H40: =IFERROR(NORM.DIST($A40,Config!$F$15,Config!$G$15,FALSE)*Config!$D$15*Config!$J$15,0)
A41: =Config!$K$15+7*Config!$J$15+Config!$J$15/2 | B41: =$A41-Config!$J$15/2 | C41: =$A41+Config!$J$15/2 | D41: =COUNTIFS(RawData!$C$2:$C$941,"MT",RawData!$H$2:$H$941,">="&$B41,RawData!$H$2:$H$941,"<"&$C41,RawData!$H$2:$H$941,"<>0") | E41: =IF(Config!$G$15=0,0,IF(ABS(($A41-Config!$F$15)/Config!$G$15)<=2,$D41,0)) | F41: =IF(Config!$G$15=0,0,IF(AND(ABS(($A41-Config!$F$15)/Config!$G$15)>2,ABS(($A41-Config!$F$15)/Config!$G$15)<=3),$D41,0)) | G41: =IF(Config!$G$15=0,0,IF(ABS(($A41-Config!$F$15)/Config!$G$15)>3,$D41,0)) | H41: =IFERROR(NORM.DIST($A41,Config!$F$15,Config!$G$15,FALSE)*Config!$D$15*Config!$J$15,0)
A42: =Config!$K$15+8*Config!$J$15+Config!$J$15/2 | B42: =$A42-Config!$J$15/2 | C42: =$A42+Config!$J$15/2 | D42: =COUNTIFS(RawData!$C$2:$C$941,"MT",RawData!$H$2:$H$941,">="&$B42,RawData!$H$2:$H$941,"<"&$C42,RawData!$H$2:$H$941,"<>0") | E42: =IF(Config!$G$15=0,0,IF(ABS(($A42-Config!$F$15)/Config!$G$15)<=2,$D42,0)) | F42: =IF(Config!$G$15=0,0,IF(AND(ABS(($A42-Config!$F$15)/Config!$G$15)>2,ABS(($A42-Config!$F$15)/Config!$G$15)<=3),$D42,0)) | G42: =IF(Config!$G$15=0,0,IF(ABS(($A42-Config!$F$15)/Config!$G$15)>3,$D42,0)) | H42: =IFERROR(NORM.DIST($A42,Config!$F$15,Config!$G$15,FALSE)*Config!$D$15*Config!$J$15,0)
A43: =Config!$K$15+9*Config!$J$15+Config!$J$15/2 | B43: =$A43-Config!$J$15/2 | C43: =$A43+Config!$J$15/2 | D43: =COUNTIFS(RawData!$C$2:$C$941,"MT",RawData!$H$2:$H$941,">="&$B43,RawData!$H$2:$H$941,"<"&$C43,RawData!$H$2:$H$941,"<>0") | E43: =IF(Config!$G$15=0,0,IF(ABS(($A43-Config!$F$15)/Config!$G$15)<=2,$D43,0)) | F43: =IF(Config!$G$15=0,0,IF(AND(ABS(($A43-Config!$F$15)/Config!$G$15)>2,ABS(($A43-Config!$F$15)/Config!$G$15)<=3),$D43,0)) | G43: =IF(Config!$G$15=0,0,IF(ABS(($A43-Config!$F$15)/Config!$G$15)>3,$D43,0)) | H43: =IFERROR(NORM.DIST($A43,Config!$F$15,Config!$G$15,FALSE)*Config!$D$15*Config!$J$15,0)
A44: =Config!$K$15+10*Config!$J$15+Config!$J$15/2 | B44: =$A44-Config!$J$15/2 | C44: =$A44+Config!$J$15/2 | D44: =COUNTIFS(RawData!$C$2:$C$941,"MT",RawData!$H$2:$H$941,">="&$B44,RawData!$H$2:$H$941,"<"&$C44,RawData!$H$2:$H$941,"<>0") | E44: =IF(Config!$G$15=0,0,IF(ABS(($A44-Config!$F$15)/Config!$G$15)<=2,$D44,0)) | F44: =IF(Config!$G$15=0,0,IF(AND(ABS(($A44-Config!$F$15)/Config!$G$15)>2,ABS(($A44-Config!$F$15)/Config!$G$15)<=3),$D44,0)) | G44: =IF(Config!$G$15=0,0,IF(ABS(($A44-Config!$F$15)/Config!$G$15)>3,$D44,0)) | H44: =IFERROR(NORM.DIST($A44,Config!$F$15,Config!$G$15,FALSE)*Config!$D$15*Config!$J$15,0)
A45: =Config!$K$15+11*Config!$J$15+Config!$J$15/2 | B45: =$A45-Config!$J$15/2 | C45: =$A45+Config!$J$15/2 | D45: =COUNTIFS(RawData!$C$2:$C$941,"MT",RawData!$H$2:$H$941,">="&$B45,RawData!$H$2:$H$941,"<"&$C45,RawData!$H$2:$H$941,"<>0") | E45: =IF(Config!$G$15=0,0,IF(ABS(($A45-Config!$F$15)/Config!$G$15)<=2,$D45,0)) | F45: =IF(Config!$G$15=0,0,IF(AND(ABS(($A45-Config!$F$15)/Config!$G$15)>2,ABS(($A45-Config!$F$15)/Config!$G$15)<=3),$D45,0)) | G45: =IF(Config!$G$15=0,0,IF(ABS(($A45-Config!$F$15)/Config!$G$15)>3,$D45,0)) | H45: =IFERROR(NORM.DIST($A45,Config!$F$15,Config!$G$15,FALSE)*Config!$D$15*Config!$J$15,0)
A46: =Config!$K$15+12*Config!$J$15+Config!$J$15/2 | B46: =$A46-Config!$J$15/2 | C46: =$A46+Config!$J$15/2 | D46: =COUNTIFS(RawData!$C$2:$C$941,"MT",RawData!$H$2:$H$941,">="&$B46,RawData!$H$2:$H$941,"<"&$C46,RawData!$H$2:$H$941,"<>0") | E46: =IF(Config!$G$15=0,0,IF(ABS(($A46-Config!$F$15)/Config!$G$15)<=2,$D46,0)) | F46: =IF(Config!$G$15=0,0,IF(AND(ABS(($A46-Config!$F$15)/Config!$G$15)>2,ABS(($A46-Config!$F$15)/Config!$G$15)<=3),$D46,0)) | G46: =IF(Config!$G$15=0,0,IF(ABS(($A46-Config!$F$15)/Config!$G$15)>3,$D46,0)) | H46: =IFERROR(NORM.DIST($A46,Config!$F$15,Config!$G$15,FALSE)*Config!$D$15*Config!$J$15,0)
A47: =Config!$K$15+13*Config!$J$15+Config!$J$15/2 | B47: =$A47-Config!$J$15/2 | C47: =$A47+Config!$J$15/2 | D47: =COUNTIFS(RawData!$C$2:$C$941,"MT",RawData!$H$2:$H$941,">="&$B47,RawData!$H$2:$H$941,"<"&$C47,RawData!$H$2:$H$941,"<>0") | E47: =IF(Config!$G$15=0,0,IF(ABS(($A47-Config!$F$15)/Config!$G$15)<=2,$D47,0)) | F47: =IF(Config!$G$15=0,0,IF(AND(ABS(($A47-Config!$F$15)/Config!$G$15)>2,ABS(($A47-Config!$F$15)/Config!$G$15)<=3),$D47,0)) | G47: =IF(Config!$G$15=0,0,IF(ABS(($A47-Config!$F$15)/Config!$G$15)>3,$D47,0)) | H47: =IFERROR(NORM.DIST($A47,Config!$F$15,Config!$G$15,FALSE)*Config!$D$15*Config!$J$15,0)
A48: =Config!$K$15+14*Config!$J$15+Config!$J$15/2 | B48: =$A48-Config!$J$15/2 | C48: =$A48+Config!$J$15/2 | D48: =COUNTIFS(RawData!$C$2:$C$941,"MT",RawData!$H$2:$H$941,">="&$B48,RawData!$H$2:$H$941,"<"&$C48,RawData!$H$2:$H$941,"<>0") | E48: =IF(Config!$G$15=0,0,IF(ABS(($A48-Config!$F$15)/Config!$G$15)<=2,$D48,0)) | F48: =IF(Config!$G$15=0,0,IF(AND(ABS(($A48-Config!$F$15)/Config!$G$15)>2,ABS(($A48-Config!$F$15)/Config!$G$15)<=3),$D48,0)) | G48: =IF(Config!$G$15=0,0,IF(ABS(($A48-Config!$F$15)/Config!$G$15)>3,$D48,0)) | H48: =IFERROR(NORM.DIST($A48,Config!$F$15,Config!$G$15,FALSE)*Config!$D$15*Config!$J$15,0)
A49: =Config!$K$15+15*Config!$J$15+Config!$J$15/2 | B49: =$A49-Config!$J$15/2 | C49: =$A49+Config!$J$15/2 | D49: =COUNTIFS(RawData!$C$2:$C$941,"MT",RawData!$H$2:$H$941,">="&$B49,RawData!$H$2:$H$941,"<"&$C49,RawData!$H$2:$H$941,"<>0") | E49: =IF(Config!$G$15=0,0,IF(ABS(($A49-Config!$F$15)/Config!$G$15)<=2,$D49,0)) | F49: =IF(Config!$G$15=0,0,IF(AND(ABS(($A49-Config!$F$15)/Config!$G$15)>2,ABS(($A49-Config!$F$15)/Config!$G$15)<=3),$D49,0)) | G49: =IF(Config!$G$15=0,0,IF(ABS(($A49-Config!$F$15)/Config!$G$15)>3,$D49,0)) | H49: =IFERROR(NORM.DIST($A49,Config!$F$15,Config!$G$15,FALSE)*Config!$D$15*Config!$J$15,0)
A50: =Config!$K$15+16*Config!$J$15+Config!$J$15/2 | B50: =$A50-Config!$J$15/2 | C50: =$A50+Config!$J$15/2 | D50: =COUNTIFS(RawData!$C$2:$C$941,"MT",RawData!$H$2:$H$941,">="&$B50,RawData!$H$2:$H$941,"<"&$C50,RawData!$H$2:$H$941,"<>0") | E50: =IF(Config!$G$15=0,0,IF(ABS(($A50-Config!$F$15)/Config!$G$15)<=2,$D50,0)) | F50: =IF(Config!$G$15=0,0,IF(AND(ABS(($A50-Config!$F$15)/Config!$G$15)>2,ABS(($A50-Config!$F$15)/Config!$G$15)<=3),$D50,0)) | G50: =IF(Config!$G$15=0,0,IF(ABS(($A50-Config!$F$15)/Config!$G$15)>3,$D50,0)) | H50: =IFERROR(NORM.DIST($A50,Config!$F$15,Config!$G$15,FALSE)*Config!$D$15*Config!$J$15,0)
A51: =Config!$K$15+17*Config!$J$15+Config!$J$15/2 | B51: =$A51-Config!$J$15/2 | C51: =$A51+Config!$J$15/2 | D51: =COUNTIFS(RawData!$C$2:$C$941,"MT",RawData!$H$2:$H$941,">="&$B51,RawData!$H$2:$H$941,"<"&$C51,RawData!$H$2:$H$941,"<>0") | E51: =IF(Config!$G$15=0,0,IF(ABS(($A51-Config!$F$15)/Config!$G$15)<=2,$D51,0)) | F51: =IF(Config!$G$15=0,0,IF(AND(ABS(($A51-Config!$F$15)/Config!$G$15)>2,ABS(($A51-Config!$F$15)/Config!$G$15)<=3),$D51,0)) | G51: =IF(Config!$G$15=0,0,IF(ABS(($A51-Config!$F$15)/Config!$G$15)>3,$D51,0)) | H51: =IFERROR(NORM.DIST($A51,Config!$F$15,Config!$G$15,FALSE)*Config!$D$15*Config!$J$15,0)
A52: =Config!$K$15+18*Config!$J$15+Config!$J$15/2 | B52: =$A52-Config!$J$15/2 | C52: =$A52+Config!$J$15/2 | D52: =COUNTIFS(RawData!$C$2:$C$941,"MT",RawData!$H$2:$H$941,">="&$B52,RawData!$H$2:$H$941,"<"&$C52,RawData!$H$2:$H$941,"<>0") | E52: =IF(Config!$G$15=0,0,IF(ABS(($A52-Config!$F$15)/Config!$G$15)<=2,$D52,0)) | F52: =IF(Config!$G$15=0,0,IF(AND(ABS(($A52-Config!$F$15)/Config!$G$15)>2,ABS(($A52-Config!$F$15)/Config!$G$15)<=3),$D52,0)) | G52: =IF(Config!$G$15=0,0,IF(ABS(($A52-Config!$F$15)/Config!$G$15)>3,$D52,0)) | H52: =IFERROR(NORM.DIST($A52,Config!$F$15,Config!$G$15,FALSE)*Config!$D$15*Config!$J$15,0)
A53: =Config!$K$15+19*Config!$J$15+Config!$J$15/2 | B53: =$A53-Config!$J$15/2 | C53: =$A53+Config!$J$15/2 | D53: =COUNTIFS(RawData!$C$2:$C$941,"MT",RawData!$H$2:$H$941,">="&$B53,RawData!$H$2:$H$941,"<"&$C53,RawData!$H$2:$H$941,"<>0") | E53: =IF(Config!$G$15=0,0,IF(ABS(($A53-Config!$F$15)/Config!$G$15)<=2,$D53,0)) | F53: =IF(Config!$G$15=0,0,IF(AND(ABS(($A53-Config!$F$15)/Config!$G$15)>2,ABS(($A53-Config!$F$15)/Config!$G$15)<=3),$D53,0)) | G53: =IF(Config!$G$15=0,0,IF(ABS(($A53-Config!$F$15)/Config!$G$15)>3,$D53,0)) | H53: =IFERROR(NORM.DIST($A53,Config!$F$15,Config!$G$15,FALSE)*Config!$D$15*Config!$J$15,0)
A54: =Config!$K$15+20*Config!$J$15+Config!$J$15/2 | B54: =$A54-Config!$J$15/2 | C54: =$A54+Config!$J$15/2 | D54: =COUNTIFS(RawData!$C$2:$C$941,"MT",RawData!$H$2:$H$941,">="&$B54,RawData!$H$2:$H$941,"<"&$C54,RawData!$H$2:$H$941,"<>0") | E54: =IF(Config!$G$15=0,0,IF(ABS(($A54-Config!$F$15)/Config!$G$15)<=2,$D54,0)) | F54: =IF(Config!$G$15=0,0,IF(AND(ABS(($A54-Config!$F$15)/Config!$G$15)>2,ABS(($A54-Config!$F$15)/Config!$G$15)<=3),$D54,0)) | G54: =IF(Config!$G$15=0,0,IF(ABS(($A54-Config!$F$15)/Config!$G$15)>3,$D54,0)) | H54: =IFERROR(NORM.DIST($A54,Config!$F$15,Config!$G$15,FALSE)*Config!$D$15*Config!$J$15,0)
A55: =Config!$K$15+21*Config!$J$15+Config!$J$15/2 | B55: =$A55-Config!$J$15/2 | C55: =$A55+Config!$J$15/2 | D55: =COUNTIFS(RawData!$C$2:$C$941,"MT",RawData!$H$2:$H$941,">="&$B55,RawData!$H$2:$H$941,"<"&$C55,RawData!$H$2:$H$941,"<>0") | E55: =IF(Config!$G$15=0,0,IF(ABS(($A55-Config!$F$15)/Config!$G$15)<=2,$D55,0)) | F55: =IF(Config!$G$15=0,0,IF(AND(ABS(($A55-Config!$F$15)/Config!$G$15)>2,ABS(($A55-Config!$F$15)/Config!$G$15)<=3),$D55,0)) | G55: =IF(Config!$G$15=0,0,IF(ABS(($A55-Config!$F$15)/Config!$G$15)>3,$D55,0)) | H55: =IFERROR(NORM.DIST($A55,Config!$F$15,Config!$G$15,FALSE)*Config!$D$15*Config!$J$15,0)
A56: =Config!$K$15+22*Config!$J$15+Config!$J$15/2 | B56: =$A56-Config!$J$15/2 | C56: =$A56+Config!$J$15/2 | D56: =COUNTIFS(RawData!$C$2:$C$941,"MT",RawData!$H$2:$H$941,">="&$B56,RawData!$H$2:$H$941,"<"&$C56,RawData!$H$2:$H$941,"<>0") | E56: =IF(Config!$G$15=0,0,IF(ABS(($A56-Config!$F$15)/Config!$G$15)<=2,$D56,0)) | F56: =IF(Config!$G$15=0,0,IF(AND(ABS(($A56-Config!$F$15)/Config!$G$15)>2,ABS(($A56-Config!$F$15)/Config!$G$15)<=3),$D56,0)) | G56: =IF(Config!$G$15=0,0,IF(ABS(($A56-Config!$F$15)/Config!$G$15)>3,$D56,0)) | H56: =IFERROR(NORM.DIST($A56,Config!$F$15,Config!$G$15,FALSE)*Config!$D$15*Config!$J$15,0)
A57: =Config!$K$15+23*Config!$J$15+Config!$J$15/2 | B57: =$A57-Config!$J$15/2 | C57: =$A57+Config!$J$15/2 | D57: =COUNTIFS(RawData!$C$2:$C$941,"MT",RawData!$H$2:$H$941,">="&$B57,RawData!$H$2:$H$941,"<"&$C57,RawData!$H$2:$H$941,"<>0") | E57: =IF(Config!$G$15=0,0,IF(ABS(($A57-Config!$F$15)/Config!$G$15)<=2,$D57,0)) | F57: =IF(Config!$G$15=0,0,IF(AND(ABS(($A57-Config!$F$15)/Config!$G$15)>2,ABS(($A57-Config!$F$15)/Config!$G$15)<=3),$D57,0)) | G57: =IF(Config!$G$15=0,0,IF(ABS(($A57-Config!$F$15)/Config!$G$15)>3,$D57,0)) | H57: =IFERROR(NORM.DIST($A57,Config!$F$15,Config!$G$15,FALSE)*Config!$D$15*Config!$J$15,0)
A58: =Config!$K$15+24*Config!$J$15+Config!$J$15/2 | B58: =$A58-Config!$J$15/2 | C58: =$A58+Config!$J$15/2 | D58: =COUNTIFS(RawData!$C$2:$C$941,"MT",RawData!$H$2:$H$941,">="&$B58,RawData!$H$2:$H$941,"<"&$C58,RawData!$H$2:$H$941,"<>0") | E58: =IF(Config!$G$15=0,0,IF(ABS(($A58-Config!$F$15)/Config!$G$15)<=2,$D58,0)) | F58: =IF(Config!$G$15=0,0,IF(AND(ABS(($A58-Config!$F$15)/Config!$G$15)>2,ABS(($A58-Config!$F$15)/Config!$G$15)<=3),$D58,0)) | G58: =IF(Config!$G$15=0,0,IF(ABS(($A58-Config!$F$15)/Config!$G$15)>3,$D58,0)) | H58: =IFERROR(NORM.DIST($A58,Config!$F$15,Config!$G$15,FALSE)*Config!$D$15*Config!$J$15,0)
A59: =Config!$K$15+25*Config!$J$15+Config!$J$15/2 | B59: =$A59-Config!$J$15/2 | C59: =$A59+Config!$J$15/2 | D59: =COUNTIFS(RawData!$C$2:$C$941,"MT",RawData!$H$2:$H$941,">="&$B59,RawData!$H$2:$H$941,"<"&$C59,RawData!$H$2:$H$941,"<>0") | E59: =IF(Config!$G$15=0,0,IF(ABS(($A59-Config!$F$15)/Config!$G$15)<=2,$D59,0)) | F59: =IF(Config!$G$15=0,0,IF(AND(ABS(($A59-Config!$F$15)/Config!$G$15)>2,ABS(($A59-Config!$F$15)/Config!$G$15)<=3),$D59,0)) | G59: =IF(Config!$G$15=0,0,IF(ABS(($A59-Config!$F$15)/Config!$G$15)>3,$D59,0)) | H59: =IFERROR(NORM.DIST($A59,Config!$F$15,Config!$G$15,FALSE)*Config!$D$15*Config!$J$15,0)
A60: =Config!$K$15+26*Config!$J$15+Config!$J$15/2 | B60: =$A60-Config!$J$15/2 | C60: =$A60+Config!$J$15/2 | D60: =COUNTIFS(RawData!$C$2:$C$941,"MT",RawData!$H$2:$H$941,">="&$B60,RawData!$H$2:$H$941,"<"&$C60,RawData!$H$2:$H$941,"<>0") | E60: =IF(Config!$G$15=0,0,IF(ABS(($A60-Config!$F$15)/Config!$G$15)<=2,$D60,0)) | F60: =IF(Config!$G$15=0,0,IF(AND(ABS(($A60-Config!$F$15)/Config!$G$15)>2,ABS(($A60-Config!$F$15)/Config!$G$15)<=3),$D60,0)) | G60: =IF(Config!$G$15=0,0,IF(ABS(($A60-Config!$F$15)/Config!$G$15)>3,$D60,0)) | H60: =IFERROR(NORM.DIST($A60,Config!$F$15,Config!$G$15,FALSE)*Config!$D$15*Config!$J$15,0)
A61: =Config!$K$15+27*Config!$J$15+Config!$J$15/2 | B61: =$A61-Config!$J$15/2 | C61: =$A61+Config!$J$15/2 | D61: =COUNTIFS(RawData!$C$2:$C$941,"MT",RawData!$H$2:$H$941,">="&$B61,RawData!$H$2:$H$941,"<"&$C61,RawData!$H$2:$H$941,"<>0") | E61: =IF(Config!$G$15=0,0,IF(ABS(($A61-Config!$F$15)/Config!$G$15)<=2,$D61,0)) | F61: =IF(Config!$G$15=0,0,IF(AND(ABS(($A61-Config!$F$15)/Config!$G$15)>2,ABS(($A61-Config!$F$15)/Config!$G$15)<=3),$D61,0)) | G61: =IF(Config!$G$15=0,0,IF(ABS(($A61-Config!$F$15)/Config!$G$15)>3,$D61,0)) | H61: =IFERROR(NORM.DIST($A61,Config!$F$15,Config!$G$15,FALSE)*Config!$D$15*Config!$J$15,0)
A62: =Config!$K$15+28*Config!$J$15+Config!$J$15/2 | B62: =$A62-Config!$J$15/2 | C62: =$A62+Config!$J$15/2 | D62: =COUNTIFS(RawData!$C$2:$C$941,"MT",RawData!$H$2:$H$941,">="&$B62,RawData!$H$2:$H$941,"<"&$C62,RawData!$H$2:$H$941,"<>0") | E62: =IF(Config!$G$15=0,0,IF(ABS(($A62-Config!$F$15)/Config!$G$15)<=2,$D62,0)) | F62: =IF(Config!$G$15=0,0,IF(AND(ABS(($A62-Config!$F$15)/Config!$G$15)>2,ABS(($A62-Config!$F$15)/Config!$G$15)<=3),$D62,0)) | G62: =IF(Config!$G$15=0,0,IF(ABS(($A62-Config!$F$15)/Config!$G$15)>3,$D62,0)) | H62: =IFERROR(NORM.DIST($A62,Config!$F$15,Config!$G$15,FALSE)*Config!$D$15*Config!$J$15,0)
A63: =Config!$K$15+29*Config!$J$15+Config!$J$15/2 | B63: =$A63-Config!$J$15/2 | C63: =$A63+Config!$J$15/2 | D63: =COUNTIFS(RawData!$C$2:$C$941,"MT",RawData!$H$2:$H$941,">="&$B63,RawData!$H$2:$H$941,"<"&$C63,RawData!$H$2:$H$941,"<>0") | E63: =IF(Config!$G$15=0,0,IF(ABS(($A63-Config!$F$15)/Config!$G$15)<=2,$D63,0)) | F63: =IF(Config!$G$15=0,0,IF(AND(ABS(($A63-Config!$F$15)/Config!$G$15)>2,ABS(($A63-Config!$F$15)/Config!$G$15)<=3),$D63,0)) | G63: =IF(Config!$G$15=0,0,IF(ABS(($A63-Config!$F$15)/Config!$G$15)>3,$D63,0)) | H63: =IFERROR(NORM.DIST($A63,Config!$F$15,Config!$G$15,FALSE)*Config!$D$15*Config!$J$15,0)
A65: BinCenter | B65: BinLo | C65: BinHi | D65: TotalCount | E65: Normal | F65: Warning(2-3s) | G65: Outlier(>3s) | H65: CurveY
A66: =Config!$K$16+0*Config!$J$16+Config!$J$16/2 | B66: =$A66-Config!$J$16/2 | C66: =$A66+Config!$J$16/2 | D66: =COUNTIFS(RawData!$C$2:$C$941,"MT",RawData!$I$2:$I$941,">="&$B66,RawData!$I$2:$I$941,"<"&$C66,RawData!$I$2:$I$941,"<>0") | E66: =IF(Config!$G$16=0,0,IF(ABS(($A66-Config!$F$16)/Config!$G$16)<=2,$D66,0)) | F66: =IF(Config!$G$16=0,0,IF(AND(ABS(($A66-Config!$F$16)/Config!$G$16)>2,ABS(($A66-Config!$F$16)/Config!$G$16)<=3),$D66,0)) | G66: =IF(Config!$G$16=0,0,IF(ABS(($A66-Config!$F$16)/Config!$G$16)>3,$D66,0)) | H66: =IFERROR(NORM.DIST($A66,Config!$F$16,Config!$G$16,FALSE)*Config!$D$16*Config!$J$16,0)
A67: =Config!$K$16+1*Config!$J$16+Config!$J$16/2 | B67: =$A67-Config!$J$16/2 | C67: =$A67+Config!$J$16/2 | D67: =COUNTIFS(RawData!$C$2:$C$941,"MT",RawData!$I$2:$I$941,">="&$B67,RawData!$I$2:$I$941,"<"&$C67,RawData!$I$2:$I$941,"<>0") | E67: =IF(Config!$G$16=0,0,IF(ABS(($A67-Config!$F$16)/Config!$G$16)<=2,$D67,0)) | F67: =IF(Config!$G$16=0,0,IF(AND(ABS(($A67-Config!$F$16)/Config!$G$16)>2,ABS(($A67-Config!$F$16)/Config!$G$16)<=3),$D67,0)) | G67: =IF(Config!$G$16=0,0,IF(ABS(($A67-Config!$F$16)/Config!$G$16)>3,$D67,0)) | H67: =IFERROR(NORM.DIST($A67,Config!$F$16,Config!$G$16,FALSE)*Config!$D$16*Config!$J$16,0)
A68: =Config!$K$16+2*Config!$J$16+Config!$J$16/2 | B68: =$A68-Config!$J$16/2 | C68: =$A68+Config!$J$16/2 | D68: =COUNTIFS(RawData!$C$2:$C$941,"MT",RawData!$I$2:$I$941,">="&$B68,RawData!$I$2:$I$941,"<"&$C68,RawData!$I$2:$I$941,"<>0") | E68: =IF(Config!$G$16=0,0,IF(ABS(($A68-Config!$F$16)/Config!$G$16)<=2,$D68,0)) | F68: =IF(Config!$G$16=0,0,IF(AND(ABS(($A68-Config!$F$16)/Config!$G$16)>2,ABS(($A68-Config!$F$16)/Config!$G$16)<=3),$D68,0)) | G68: =IF(Config!$G$16=0,0,IF(ABS(($A68-Config!$F$16)/Config!$G$16)>3,$D68,0)) | H68: =IFERROR(NORM.DIST($A68,Config!$F$16,Config!$G$16,FALSE)*Config!$D$16*Config!$J$16,0)
A69: =Config!$K$16+3*Config!$J$16+Config!$J$16/2 | B69: =$A69-Config!$J$16/2 | C69: =$A69+Config!$J$16/2 | D69: =COUNTIFS(RawData!$C$2:$C$941,"MT",RawData!$I$2:$I$941,">="&$B69,RawData!$I$2:$I$941,"<"&$C69,RawData!$I$2:$I$941,"<>0") | E69: =IF(Config!$G$16=0,0,IF(ABS(($A69-Config!$F$16)/Config!$G$16)<=2,$D69,0)) | F69: =IF(Config!$G$16=0,0,IF(AND(ABS(($A69-Config!$F$16)/Config!$G$16)>2,ABS(($A69-Config!$F$16)/Config!$G$16)<=3),$D69,0)) | G69: =IF(Config!$G$16=0,0,IF(ABS(($A69-Config!$F$16)/Config!$G$16)>3,$D69,0)) | H69: =IFERROR(NORM.DIST($A69,Config!$F$16,Config!$G$16,FALSE)*Config!$D$16*Config!$J$16,0)
A70: =Config!$K$16+4*Config!$J$16+Config!$J$16/2 | B70: =$A70-Config!$J$16/2 | C70: =$A70+Config!$J$16/2 | D70: =COUNTIFS(RawData!$C$2:$C$941,"MT",RawData!$I$2:$I$941,">="&$B70,RawData!$I$2:$I$941,"<"&$C70,RawData!$I$2:$I$941,"<>0") | E70: =IF(Config!$G$16=0,0,IF(ABS(($A70-Config!$F$16)/Config!$G$16)<=2,$D70,0)) | F70: =IF(Config!$G$16=0,0,IF(AND(ABS(($A70-Config!$F$16)/Config!$G$16)>2,ABS(($A70-Config!$F$16)/Config!$G$16)<=3),$D70,0)) | G70: =IF(Config!$G$16=0,0,IF(ABS(($A70-Config!$F$16)/Config!$G$16)>3,$D70,0)) | H70: =IFERROR(NORM.DIST($A70,Config!$F$16,Config!$G$16,FALSE)*Config!$D$16*Config!$J$16,0)
A71: =Config!$K$16+5*Config!$J$16+Config!$J$16/2 | B71: =$A71-Config!$J$16/2 | C71: =$A71+Config!$J$16/2 | D71: =COUNTIFS(RawData!$C$2:$C$941,"MT",RawData!$I$2:$I$941,">="&$B71,RawData!$I$2:$I$941,"<"&$C71,RawData!$I$2:$I$941,"<>0") | E71: =IF(Config!$G$16=0,0,IF(ABS(($A71-Config!$F$16)/Config!$G$16)<=2,$D71,0)) | F71: =IF(Config!$G$16=0,0,IF(AND(ABS(($A71-Config!$F$16)/Config!$G$16)>2,ABS(($A71-Config!$F$16)/Config!$G$16)<=3),$D71,0)) | G71: =IF(Config!$G$16=0,0,IF(ABS(($A71-Config!$F$16)/Config!$G$16)>3,$D71,0)) | H71: =IFERROR(NORM.DIST($A71,Config!$F$16,Config!$G$16,FALSE)*Config!$D$16*Config!$J$16,0)
A72: =Config!$K$16+6*Config!$J$16+Config!$J$16/2 | B72: =$A72-Config!$J$16/2 | C72: =$A72+Config!$J$16/2 | D72: =COUNTIFS(RawData!$C$2:$C$941,"MT",RawData!$I$2:$I$941,">="&$B72,RawData!$I$2:$I$941,"<"&$C72,RawData!$I$2:$I$941,"<>0") | E72: =IF(Config!$G$16=0,0,IF(ABS(($A72-Config!$F$16)/Config!$G$16)<=2,$D72,0)) | F72: =IF(Config!$G$16=0,0,IF(AND(ABS(($A72-Config!$F$16)/Config!$G$16)>2,ABS(($A72-Config!$F$16)/Config!$G$16)<=3),$D72,0)) | G72: =IF(Config!$G$16=0,0,IF(ABS(($A72-Config!$F$16)/Config!$G$16)>3,$D72,0)) | H72: =IFERROR(NORM.DIST($A72,Config!$F$16,Config!$G$16,FALSE)*Config!$D$16*Config!$J$16,0)
A73: =Config!$K$16+7*Config!$J$16+Config!$J$16/2 | B73: =$A73-Config!$J$16/2 | C73: =$A73+Config!$J$16/2 | D73: =COUNTIFS(RawData!$C$2:$C$941,"MT",RawData!$I$2:$I$941,">="&$B73,RawData!$I$2:$I$941,"<"&$C73,RawData!$I$2:$I$941,"<>0") | E73: =IF(Config!$G$16=0,0,IF(ABS(($A73-Config!$F$16)/Config!$G$16)<=2,$D73,0)) | F73: =IF(Config!$G$16=0,0,IF(AND(ABS(($A73-Config!$F$16)/Config!$G$16)>2,ABS(($A73-Config!$F$16)/Config!$G$16)<=3),$D73,0)) | G73: =IF(Config!$G$16=0,0,IF(ABS(($A73-Config!$F$16)/Config!$G$16)>3,$D73,0)) | H73: =IFERROR(NORM.DIST($A73,Config!$F$16,Config!$G$16,FALSE)*Config!$D$16*Config!$J$16,0)
A74: =Config!$K$16+8*Config!$J$16+Config!$J$16/2 | B74: =$A74-Config!$J$16/2 | C74: =$A74+Config!$J$16/2 | D74: =COUNTIFS(RawData!$C$2:$C$941,"MT",RawData!$I$2:$I$941,">="&$B74,RawData!$I$2:$I$941,"<"&$C74,RawData!$I$2:$I$941,"<>0") | E74: =IF(Config!$G$16=0,0,IF(ABS(($A74-Config!$F$16)/Config!$G$16)<=2,$D74,0)) | F74: =IF(Config!$G$16=0,0,IF(AND(ABS(($A74-Config!$F$16)/Config!$G$16)>2,ABS(($A74-Config!$F$16)/Config!$G$16)<=3),$D74,0)) | G74: =IF(Config!$G$16=0,0,IF(ABS(($A74-Config!$F$16)/Config!$G$16)>3,$D74,0)) | H74: =IFERROR(NORM.DIST($A74,Config!$F$16,Config!$G$16,FALSE)*Config!$D$16*Config!$J$16,0)
A75: =Config!$K$16+9*Config!$J$16+Config!$J$16/2 | B75: =$A75-Config!$J$16/2 | C75: =$A75+Config!$J$16/2 | D75: =COUNTIFS(RawData!$C$2:$C$941,"MT",RawData!$I$2:$I$941,">="&$B75,RawData!$I$2:$I$941,"<"&$C75,RawData!$I$2:$I$941,"<>0") | E75: =IF(Config!$G$16=0,0,IF(ABS(($A75-Config!$F$16)/Config!$G$16)<=2,$D75,0)) | F75: =IF(Config!$G$16=0,0,IF(AND(ABS(($A75-Config!$F$16)/Config!$G$16)>2,ABS(($A75-Config!$F$16)/Config!$G$16)<=3),$D75,0)) | G75: =IF(Config!$G$16=0,0,IF(ABS(($A75-Config!$F$16)/Config!$G$16)>3,$D75,0)) | H75: =IFERROR(NORM.DIST($A75,Config!$F$16,Config!$G$16,FALSE)*Config!$D$16*Config!$J$16,0)
A76: =Config!$K$16+10*Config!$J$16+Config!$J$16/2 | B76: =$A76-Config!$J$16/2 | C76: =$A76+Config!$J$16/2 | D76: =COUNTIFS(RawData!$C$2:$C$941,"MT",RawData!$I$2:$I$941,">="&$B76,RawData!$I$2:$I$941,"<"&$C76,RawData!$I$2:$I$941,"<>0") | E76: =IF(Config!$G$16=0,0,IF(ABS(($A76-Config!$F$16)/Config!$G$16)<=2,$D76,0)) | F76: =IF(Config!$G$16=0,0,IF(AND(ABS(($A76-Config!$F$16)/Config!$G$16)>2,ABS(($A76-Config!$F$16)/Config!$G$16)<=3),$D76,0)) | G76: =IF(Config!$G$16=0,0,IF(ABS(($A76-Config!$F$16)/Config!$G$16)>3,$D76,0)) | H76: =IFERROR(NORM.DIST($A76,Config!$F$16,Config!$G$16,FALSE)*Config!$D$16*Config!$J$16,0)
A77: =Config!$K$16+11*Config!$J$16+Config!$J$16/2 | B77: =$A77-Config!$J$16/2 | C77: =$A77+Config!$J$16/2 | D77: =COUNTIFS(RawData!$C$2:$C$941,"MT",RawData!$I$2:$I$941,">="&$B77,RawData!$I$2:$I$941,"<"&$C77,RawData!$I$2:$I$941,"<>0") | E77: =IF(Config!$G$16=0,0,IF(ABS(($A77-Config!$F$16)/Config!$G$16)<=2,$D77,0)) | F77: =IF(Config!$G$16=0,0,IF(AND(ABS(($A77-Config!$F$16)/Config!$G$16)>2,ABS(($A77-Config!$F$16)/Config!$G$16)<=3),$D77,0)) | G77: =IF(Config!$G$16=0,0,IF(ABS(($A77-Config!$F$16)/Config!$G$16)>3,$D77,0)) | H77: =IFERROR(NORM.DIST($A77,Config!$F$16,Config!$G$16,FALSE)*Config!$D$16*Config!$J$16,0)
A78: =Config!$K$16+12*Config!$J$16+Config!$J$16/2 | B78: =$A78-Config!$J$16/2 | C78: =$A78+Config!$J$16/2 | D78: =COUNTIFS(RawData!$C$2:$C$941,"MT",RawData!$I$2:$I$941,">="&$B78,RawData!$I$2:$I$941,"<"&$C78,RawData!$I$2:$I$941,"<>0") | E78: =IF(Config!$G$16=0,0,IF(ABS(($A78-Config!$F$16)/Config!$G$16)<=2,$D78,0)) | F78: =IF(Config!$G$16=0,0,IF(AND(ABS(($A78-Config!$F$16)/Config!$G$16)>2,ABS(($A78-Config!$F$16)/Config!$G$16)<=3),$D78,0)) | G78: =IF(Config!$G$16=0,0,IF(ABS(($A78-Config!$F$16)/Config!$G$16)>3,$D78,0)) | H78: =IFERROR(NORM.DIST($A78,Config!$F$16,Config!$G$16,FALSE)*Config!$D$16*Config!$J$16,0)
A79: =Config!$K$16+13*Config!$J$16+Config!$J$16/2 | B79: =$A79-Config!$J$16/2 | C79: =$A79+Config!$J$16/2 | D79: =COUNTIFS(RawData!$C$2:$C$941,"MT",RawData!$I$2:$I$941,">="&$B79,RawData!$I$2:$I$941,"<"&$C79,RawData!$I$2:$I$941,"<>0") | E79: =IF(Config!$G$16=0,0,IF(ABS(($A79-Config!$F$16)/Config!$G$16)<=2,$D79,0)) | F79: =IF(Config!$G$16=0,0,IF(AND(ABS(($A79-Config!$F$16)/Config!$G$16)>2,ABS(($A79-Config!$F$16)/Config!$G$16)<=3),$D79,0)) | G79: =IF(Config!$G$16=0,0,IF(ABS(($A79-Config!$F$16)/Config!$G$16)>3,$D79,0)) | H79: =IFERROR(NORM.DIST($A79,Config!$F$16,Config!$G$16,FALSE)*Config!$D$16*Config!$J$16,0)
A80: =Config!$K$16+14*Config!$J$16+Config!$J$16/2 | B80: =$A80-Config!$J$16/2 | C80: =$A80+Config!$J$16/2 | D80: =COUNTIFS(RawData!$C$2:$C$941,"MT",RawData!$I$2:$I$941,">="&$B80,RawData!$I$2:$I$941,"<"&$C80,RawData!$I$2:$I$941,"<>0") | E80: =IF(Config!$G$16=0,0,IF(ABS(($A80-Config!$F$16)/Config!$G$16)<=2,$D80,0)) | F80: =IF(Config!$G$16=0,0,IF(AND(ABS(($A80-Config!$F$16)/Config!$G$16)>2,ABS(($A80-Config!$F$16)/Config!$G$16)<=3),$D80,0)) | G80: =IF(Config!$G$16=0,0,IF(ABS(($A80-Config!$F$16)/Config!$G$16)>3,$D80,0)) | H80: =IFERROR(NORM.DIST($A80,Config!$F$16,Config!$G$16,FALSE)*Config!$D$16*Config!$J$16,0)
A81: =Config!$K$16+15*Config!$J$16+Config!$J$16/2 | B81: =$A81-Config!$J$16/2 | C81: =$A81+Config!$J$16/2 | D81: =COUNTIFS(RawData!$C$2:$C$941,"MT",RawData!$I$2:$I$941,">="&$B81,RawData!$I$2:$I$941,"<"&$C81,RawData!$I$2:$I$941,"<>0") | E81: =IF(Config!$G$16=0,0,IF(ABS(($A81-Config!$F$16)/Config!$G$16)<=2,$D81,0)) | F81: =IF(Config!$G$16=0,0,IF(AND(ABS(($A81-Config!$F$16)/Config!$G$16)>2,ABS(($A81-Config!$F$16)/Config!$G$16)<=3),$D81,0)) | G81: =IF(Config!$G$16=0,0,IF(ABS(($A81-Config!$F$16)/Config!$G$16)>3,$D81,0)) | H81: =IFERROR(NORM.DIST($A81,Config!$F$16,Config!$G$16,FALSE)*Config!$D$16*Config!$J$16,0)
A82: =Config!$K$16+16*Config!$J$16+Config!$J$16/2 | B82: =$A82-Config!$J$16/2 | C82: =$A82+Config!$J$16/2 | D82: =COUNTIFS(RawData!$C$2:$C$941,"MT",RawData!$I$2:$I$941,">="&$B82,RawData!$I$2:$I$941,"<"&$C82,RawData!$I$2:$I$941,"<>0") | E82: =IF(Config!$G$16=0,0,IF(ABS(($A82-Config!$F$16)/Config!$G$16)<=2,$D82,0)) | F82: =IF(Config!$G$16=0,0,IF(AND(ABS(($A82-Config!$F$16)/Config!$G$16)>2,ABS(($A82-Config!$F$16)/Config!$G$16)<=3),$D82,0)) | G82: =IF(Config!$G$16=0,0,IF(ABS(($A82-Config!$F$16)/Config!$G$16)>3,$D82,0)) | H82: =IFERROR(NORM.DIST($A82,Config!$F$16,Config!$G$16,FALSE)*Config!$D$16*Config!$J$16,0)
A83: =Config!$K$16+17*Config!$J$16+Config!$J$16/2 | B83: =$A83-Config!$J$16/2 | C83: =$A83+Config!$J$16/2 | D83: =COUNTIFS(RawData!$C$2:$C$941,"MT",RawData!$I$2:$I$941,">="&$B83,RawData!$I$2:$I$941,"<"&$C83,RawData!$I$2:$I$941,"<>0") | E83: =IF(Config!$G$16=0,0,IF(ABS(($A83-Config!$F$16)/Config!$G$16)<=2,$D83,0)) | F83: =IF(Config!$G$16=0,0,IF(AND(ABS(($A83-Config!$F$16)/Config!$G$16)>2,ABS(($A83-Config!$F$16)/Config!$G$16)<=3),$D83,0)) | G83: =IF(Config!$G$16=0,0,IF(ABS(($A83-Config!$F$16)/Config!$G$16)>3,$D83,0)) | H83: =IFERROR(NORM.DIST($A83,Config!$F$16,Config!$G$16,FALSE)*Config!$D$16*Config!$J$16,0)
A84: =Config!$K$16+18*Config!$J$16+Config!$J$16/2 | B84: =$A84-Config!$J$16/2 | C84: =$A84+Config!$J$16/2 | D84: =COUNTIFS(RawData!$C$2:$C$941,"MT",RawData!$I$2:$I$941,">="&$B84,RawData!$I$2:$I$941,"<"&$C84,RawData!$I$2:$I$941,"<>0") | E84: =IF(Config!$G$16=0,0,IF(ABS(($A84-Config!$F$16)/Config!$G$16)<=2,$D84,0)) | F84: =IF(Config!$G$16=0,0,IF(AND(ABS(($A84-Config!$F$16)/Config!$G$16)>2,ABS(($A84-Config!$F$16)/Config!$G$16)<=3),$D84,0)) | G84: =IF(Config!$G$16=0,0,IF(ABS(($A84-Config!$F$16)/Config!$G$16)>3,$D84,0)) | H84: =IFERROR(NORM.DIST($A84,Config!$F$16,Config!$G$16,FALSE)*Config!$D$16*Config!$J$16,0)
A85: =Config!$K$16+19*Config!$J$16+Config!$J$16/2 | B85: =$A85-Config!$J$16/2 | C85: =$A85+Config!$J$16/2 | D85: =COUNTIFS(RawData!$C$2:$C$941,"MT",RawData!$I$2:$I$941,">="&$B85,RawData!$I$2:$I$941,"<"&$C85,RawData!$I$2:$I$941,"<>0") | E85: =IF(Config!$G$16=0,0,IF(ABS(($A85-Config!$F$16)/Config!$G$16)<=2,$D85,0)) | F85: =IF(Config!$G$16=0,0,IF(AND(ABS(($A85-Config!$F$16)/Config!$G$16)>2,ABS(($A85-Config!$F$16)/Config!$G$16)<=3),$D85,0)) | G85: =IF(Config!$G$16=0,0,IF(ABS(($A85-Config!$F$16)/Config!$G$16)>3,$D85,0)) | H85: =IFERROR(NORM.DIST($A85,Config!$F$16,Config!$G$16,FALSE)*Config!$D$16*Config!$J$16,0)
A86: =Config!$K$16+20*Config!$J$16+Config!$J$16/2 | B86: =$A86-Config!$J$16/2 | C86: =$A86+Config!$J$16/2 | D86: =COUNTIFS(RawData!$C$2:$C$941,"MT",RawData!$I$2:$I$941,">="&$B86,RawData!$I$2:$I$941,"<"&$C86,RawData!$I$2:$I$941,"<>0") | E86: =IF(Config!$G$16=0,0,IF(ABS(($A86-Config!$F$16)/Config!$G$16)<=2,$D86,0)) | F86: =IF(Config!$G$16=0,0,IF(AND(ABS(($A86-Config!$F$16)/Config!$G$16)>2,ABS(($A86-Config!$F$16)/Config!$G$16)<=3),$D86,0)) | G86: =IF(Config!$G$16=0,0,IF(ABS(($A86-Config!$F$16)/Config!$G$16)>3,$D86,0)) | H86: =IFERROR(NORM.DIST($A86,Config!$F$16,Config!$G$16,FALSE)*Config!$D$16*Config!$J$16,0)
A87: =Config!$K$16+21*Config!$J$16+Config!$J$16/2 | B87: =$A87-Config!$J$16/2 | C87: =$A87+Config!$J$16/2 | D87: =COUNTIFS(RawData!$C$2:$C$941,"MT",RawData!$I$2:$I$941,">="&$B87,RawData!$I$2:$I$941,"<"&$C87,RawData!$I$2:$I$941,"<>0") | E87: =IF(Config!$G$16=0,0,IF(ABS(($A87-Config!$F$16)/Config!$G$16)<=2,$D87,0)) | F87: =IF(Config!$G$16=0,0,IF(AND(ABS(($A87-Config!$F$16)/Config!$G$16)>2,ABS(($A87-Config!$F$16)/Config!$G$16)<=3),$D87,0)) | G87: =IF(Config!$G$16=0,0,IF(ABS(($A87-Config!$F$16)/Config!$G$16)>3,$D87,0)) | H87: =IFERROR(NORM.DIST($A87,Config!$F$16,Config!$G$16,FALSE)*Config!$D$16*Config!$J$16,0)
A88: =Config!$K$16+22*Config!$J$16+Config!$J$16/2 | B88: =$A88-Config!$J$16/2 | C88: =$A88+Config!$J$16/2 | D88: =COUNTIFS(RawData!$C$2:$C$941,"MT",RawData!$I$2:$I$941,">="&$B88,RawData!$I$2:$I$941,"<"&$C88,RawData!$I$2:$I$941,"<>0") | E88: =IF(Config!$G$16=0,0,IF(ABS(($A88-Config!$F$16)/Config!$G$16)<=2,$D88,0)) | F88: =IF(Config!$G$16=0,0,IF(AND(ABS(($A88-Config!$F$16)/Config!$G$16)>2,ABS(($A88-Config!$F$16)/Config!$G$16)<=3),$D88,0)) | G88: =IF(Config!$G$16=0,0,IF(ABS(($A88-Config!$F$16)/Config!$G$16)>3,$D88,0)) | H88: =IFERROR(NORM.DIST($A88,Config!$F$16,Config!$G$16,FALSE)*Config!$D$16*Config!$J$16,0)
A89: =Config!$K$16+23*Config!$J$16+Config!$J$16/2 | B89: =$A89-Config!$J$16/2 | C89: =$A89+Config!$J$16/2 | D89: =COUNTIFS(RawData!$C$2:$C$941,"MT",RawData!$I$2:$I$941,">="&$B89,RawData!$I$2:$I$941,"<"&$C89,RawData!$I$2:$I$941,"<>0") | E89: =IF(Config!$G$16=0,0,IF(ABS(($A89-Config!$F$16)/Config!$G$16)<=2,$D89,0)) | F89: =IF(Config!$G$16=0,0,IF(AND(ABS(($A89-Config!$F$16)/Config!$G$16)>2,ABS(($A89-Config!$F$16)/Config!$G$16)<=3),$D89,0)) | G89: =IF(Config!$G$16=0,0,IF(ABS(($A89-Config!$F$16)/Config!$G$16)>3,$D89,0)) | H89: =IFERROR(NORM.DIST($A89,Config!$F$16,Config!$G$16,FALSE)*Config!$D$16*Config!$J$16,0)
A90: =Config!$K$16+24*Config!$J$16+Config!$J$16/2 | B90: =$A90-Config!$J$16/2 | C90: =$A90+Config!$J$16/2 | D90: =COUNTIFS(RawData!$C$2:$C$941,"MT",RawData!$I$2:$I$941,">="&$B90,RawData!$I$2:$I$941,"<"&$C90,RawData!$I$2:$I$941,"<>0") | E90: =IF(Config!$G$16=0,0,IF(ABS(($A90-Config!$F$16)/Config!$G$16)<=2,$D90,0)) | F90: =IF(Config!$G$16=0,0,IF(AND(ABS(($A90-Config!$F$16)/Config!$G$16)>2,ABS(($A90-Config!$F$16)/Config!$G$16)<=3),$D90,0)) | G90: =IF(Config!$G$16=0,0,IF(ABS(($A90-Config!$F$16)/Config!$G$16)>3,$D90,0)) | H90: =IFERROR(NORM.DIST($A90,Config!$F$16,Config!$G$16,FALSE)*Config!$D$16*Config!$J$16,0)
A91: =Config!$K$16+25*Config!$J$16+Config!$J$16/2 | B91: =$A91-Config!$J$16/2 | C91: =$A91+Config!$J$16/2 | D91: =COUNTIFS(RawData!$C$2:$C$941,"MT",RawData!$I$2:$I$941,">="&$B91,RawData!$I$2:$I$941,"<"&$C91,RawData!$I$2:$I$941,"<>0") | E91: =IF(Config!$G$16=0,0,IF(ABS(($A91-Config!$F$16)/Config!$G$16)<=2,$D91,0)) | F91: =IF(Config!$G$16=0,0,IF(AND(ABS(($A91-Config!$F$16)/Config!$G$16)>2,ABS(($A91-Config!$F$16)/Config!$G$16)<=3),$D91,0)) | G91: =IF(Config!$G$16=0,0,IF(ABS(($A91-Config!$F$16)/Config!$G$16)>3,$D91,0)) | H91: =IFERROR(NORM.DIST($A91,Config!$F$16,Config!$G$16,FALSE)*Config!$D$16*Config!$J$16,0)
A92: =Config!$K$16+26*Config!$J$16+Config!$J$16/2 | B92: =$A92-Config!$J$16/2 | C92: =$A92+Config!$J$16/2 | D92: =COUNTIFS(RawData!$C$2:$C$941,"MT",RawData!$I$2:$I$941,">="&$B92,RawData!$I$2:$I$941,"<"&$C92,RawData!$I$2:$I$941,"<>0") | E92: =IF(Config!$G$16=0,0,IF(ABS(($A92-Config!$F$16)/Config!$G$16)<=2,$D92,0)) | F92: =IF(Config!$G$16=0,0,IF(AND(ABS(($A92-Config!$F$16)/Config!$G$16)>2,ABS(($A92-Config!$F$16)/Config!$G$16)<=3),$D92,0)) | G92: =IF(Config!$G$16=0,0,IF(ABS(($A92-Config!$F$16)/Config!$G$16)>3,$D92,0)) | H92: =IFERROR(NORM.DIST($A92,Config!$F$16,Config!$G$16,FALSE)*Config!$D$16*Config!$J$16,0)
A93: =Config!$K$16+27*Config!$J$16+Config!$J$16/2 | B93: =$A93-Config!$J$16/2 | C93: =$A93+Config!$J$16/2 | D93: =COUNTIFS(RawData!$C$2:$C$941,"MT",RawData!$I$2:$I$941,">="&$B93,RawData!$I$2:$I$941,"<"&$C93,RawData!$I$2:$I$941,"<>0") | E93: =IF(Config!$G$16=0,0,IF(ABS(($A93-Config!$F$16)/Config!$G$16)<=2,$D93,0)) | F93: =IF(Config!$G$16=0,0,IF(AND(ABS(($A93-Config!$F$16)/Config!$G$16)>2,ABS(($A93-Config!$F$16)/Config!$G$16)<=3),$D93,0)) | G93: =IF(Config!$G$16=0,0,IF(ABS(($A93-Config!$F$16)/Config!$G$16)>3,$D93,0)) | H93: =IFERROR(NORM.DIST($A93,Config!$F$16,Config!$G$16,FALSE)*Config!$D$16*Config!$J$16,0)
A94: =Config!$K$16+28*Config!$J$16+Config!$J$16/2 | B94: =$A94-Config!$J$16/2 | C94: =$A94+Config!$J$16/2 | D94: =COUNTIFS(RawData!$C$2:$C$941,"MT",RawData!$I$2:$I$941,">="&$B94,RawData!$I$2:$I$941,"<"&$C94,RawData!$I$2:$I$941,"<>0") | E94: =IF(Config!$G$16=0,0,IF(ABS(($A94-Config!$F$16)/Config!$G$16)<=2,$D94,0)) | F94: =IF(Config!$G$16=0,0,IF(AND(ABS(($A94-Config!$F$16)/Config!$G$16)>2,ABS(($A94-Config!$F$16)/Config!$G$16)<=3),$D94,0)) | G94: =IF(Config!$G$16=0,0,IF(ABS(($A94-Config!$F$16)/Config!$G$16)>3,$D94,0)) | H94: =IFERROR(NORM.DIST($A94,Config!$F$16,Config!$G$16,FALSE)*Config!$D$16*Config!$J$16,0)
A95: =Config!$K$16+29*Config!$J$16+Config!$J$16/2 | B95: =$A95-Config!$J$16/2 | C95: =$A95+Config!$J$16/2 | D95: =COUNTIFS(RawData!$C$2:$C$941,"MT",RawData!$I$2:$I$941,">="&$B95,RawData!$I$2:$I$941,"<"&$C95,RawData!$I$2:$I$941,"<>0") | E95: =IF(Config!$G$16=0,0,IF(ABS(($A95-Config!$F$16)/Config!$G$16)<=2,$D95,0)) | F95: =IF(Config!$G$16=0,0,IF(AND(ABS(($A95-Config!$F$16)/Config!$G$16)>2,ABS(($A95-Config!$F$16)/Config!$G$16)<=3),$D95,0)) | G95: =IF(Config!$G$16=0,0,IF(ABS(($A95-Config!$F$16)/Config!$G$16)>3,$D95,0)) | H95: =IFERROR(NORM.DIST($A95,Config!$F$16,Config!$G$16,FALSE)*Config!$D$16*Config!$J$16,0)
A97: BinCenter | B97: BinLo | C97: BinHi | D97: TotalCount | E97: Normal | F97: Warning(2-3s) | G97: Outlier(>3s) | H97: CurveY
A98: =Config!$K$17+0*Config!$J$17+Config!$J$17/2 | B98: =$A98-Config!$J$17/2 | C98: =$A98+Config!$J$17/2 | D98: =COUNTIFS(RawData!$C$2:$C$941,"MT",RawData!$J$2:$J$941,">="&$B98,RawData!$J$2:$J$941,"<"&$C98,RawData!$J$2:$J$941,"<>0") | E98: =IF(Config!$G$17=0,0,IF(ABS(($A98-Config!$F$17)/Config!$G$17)<=2,$D98,0)) | F98: =IF(Config!$G$17=0,0,IF(AND(ABS(($A98-Config!$F$17)/Config!$G$17)>2,ABS(($A98-Config!$F$17)/Config!$G$17)<=3),$D98,0)) | G98: =IF(Config!$G$17=0,0,IF(ABS(($A98-Config!$F$17)/Config!$G$17)>3,$D98,0)) | H98: =IFERROR(NORM.DIST($A98,Config!$F$17,Config!$G$17,FALSE)*Config!$D$17*Config!$J$17,0)
A99: =Config!$K$17+1*Config!$J$17+Config!$J$17/2 | B99: =$A99-Config!$J$17/2 | C99: =$A99+Config!$J$17/2 | D99: =COUNTIFS(RawData!$C$2:$C$941,"MT",RawData!$J$2:$J$941,">="&$B99,RawData!$J$2:$J$941,"<"&$C99,RawData!$J$2:$J$941,"<>0") | E99: =IF(Config!$G$17=0,0,IF(ABS(($A99-Config!$F$17)/Config!$G$17)<=2,$D99,0)) | F99: =IF(Config!$G$17=0,0,IF(AND(ABS(($A99-Config!$F$17)/Config!$G$17)>2,ABS(($A99-Config!$F$17)/Config!$G$17)<=3),$D99,0)) | G99: =IF(Config!$G$17=0,0,IF(ABS(($A99-Config!$F$17)/Config!$G$17)>3,$D99,0)) | H99: =IFERROR(NORM.DIST($A99,Config!$F$17,Config!$G$17,FALSE)*Config!$D$17*Config!$J$17,0)
A100: =Config!$K$17+2*Config!$J$17+Config!$J$17/2 | B100: =$A100-Config!$J$17/2 | C100: =$A100+Config!$J$17/2 | D100: =COUNTIFS(RawData!$C$2:$C$941,"MT",RawData!$J$2:$J$941,">="&$B100,RawData!$J$2:$J$941,"<"&$C100,RawData!$J$2:$J$941,"<>0") | E100: =IF(Config!$G$17=0,0,IF(ABS(($A100-Config!$F$17)/Config!$G$17)<=2,$D100,0)) | F100: =IF(Config!$G$17=0,0,IF(AND(ABS(($A100-Config!$F$17)/Config!$G$17)>2,ABS(($A100-Config!$F$17)/Config!$G$17)<=3),$D100,0)) | G100: =IF(Config!$G$17=0,0,IF(ABS(($A100-Config!$F$17)/Config!$G$17)>3,$D100,0)) | H100: =IFERROR(NORM.DIST($A100,Config!$F$17,Config!$G$17,FALSE)*Config!$D$17*Config!$J$17,0)
A101: =Config!$K$17+3*Config!$J$17+Config!$J$17/2 | B101: =$A101-Config!$J$17/2 | C101: =$A101+Config!$J$17/2 | D101: =COUNTIFS(RawData!$C$2:$C$941,"MT",RawData!$J$2:$J$941,">="&$B101,RawData!$J$2:$J$941,"<"&$C101,RawData!$J$2:$J$941,"<>0") | E101: =IF(Config!$G$17=0,0,IF(ABS(($A101-Config!$F$17)/Config!$G$17)<=2,$D101,0)) | F101: =IF(Config!$G$17=0,0,IF(AND(ABS(($A101-Config!$F$17)/Config!$G$17)>2,ABS(($A101-Config!$F$17)/Config!$G$17)<=3),$D101,0)) | G101: =IF(Config!$G$17=0,0,IF(ABS(($A101-Config!$F$17)/Config!$G$17)>3,$D101,0)) | H101: =IFERROR(NORM.DIST($A101,Config!$F$17,Config!$G$17,FALSE)*Config!$D$17*Config!$J$17,0)
A102: =Config!$K$17+4*Config!$J$17+Config!$J$17/2 | B102: =$A102-Config!$J$17/2 | C102: =$A102+Config!$J$17/2 | D102: =COUNTIFS(RawData!$C$2:$C$941,"MT",RawData!$J$2:$J$941,">="&$B102,RawData!$J$2:$J$941,"<"&$C102,RawData!$J$2:$J$941,"<>0") | E102: =IF(Config!$G$17=0,0,IF(ABS(($A102-Config!$F$17)/Config!$G$17)<=2,$D102,0)) | F102: =IF(Config!$G$17=0,0,IF(AND(ABS(($A102-Config!$F$17)/Config!$G$17)>2,ABS(($A102-Config!$F$17)/Config!$G$17)<=3),$D102,0)) | G102: =IF(Config!$G$17=0,0,IF(ABS(($A102-Config!$F$17)/Config!$G$17)>3,$D102,0)) | H102: =IFERROR(NORM.DIST($A102,Config!$F$17,Config!$G$17,FALSE)*Config!$D$17*Config!$J$17,0)
A103: =Config!$K$17+5*Config!$J$17+Config!$J$17/2 | B103: =$A103-Config!$J$17/2 | C103: =$A103+Config!$J$17/2 | D103: =COUNTIFS(RawData!$C$2:$C$941,"MT",RawData!$J$2:$J$941,">="&$B103,RawData!$J$2:$J$941,"<"&$C103,RawData!$J$2:$J$941,"<>0") | E103: =IF(Config!$G$17=0,0,IF(ABS(($A103-Config!$F$17)/Config!$G$17)<=2,$D103,0)) | F103: =IF(Config!$G$17=0,0,IF(AND(ABS(($A103-Config!$F$17)/Config!$G$17)>2,ABS(($A103-Config!$F$17)/Config!$G$17)<=3),$D103,0)) | G103: =IF(Config!$G$17=0,0,IF(ABS(($A103-Config!$F$17)/Config!$G$17)>3,$D103,0)) | H103: =IFERROR(NORM.DIST($A103,Config!$F$17,Config!$G$17,FALSE)*Config!$D$17*Config!$J$17,0)
...

Sheet LT_BellCurves

Sheet MT_BellCurves

Sheet Tolerance_Bands
A1: Unit | B1: Measurement | C1: n_pass | D1: Mean | E1: StdDev | F1: 3s Low | G1: 3s High | H1: P1 Low | I1: P99 High | J1: IQR Low | K1: IQR High | L1: Rec. Low | M1: Rec. High | N1: Spread Ratio | O1: Agreement
A2: LT | B2: Suction Tube Temp | C2: =Config!$E$2 | D2: =Config!$F$2 | E2: =Config!$G$2 | F2: =Config!$F$2-3*Config!$G$2 | G2: =Config!$F$2+3*Config!$G$2 | H2: {=FERROR(PERCENTILE.INC(IF((RawData!$C$2:$C$941="LT")*(RawData!$F$2:$F$941="Pass")*(RawData!$G$2:$G$941<>0),RawData!$G$2:$G$941),0.01),"")} | I2: {=FERROR(PERCENTILE.INC(IF((RawData!$C$2:$C$941="LT")*(RawData!$F$2:$F$941="Pass")*(RawData!$G$2:$G$941<>0),RawData!$G$2:$G$941),0.99),"")} | J2: {=FERROR(PERCENTILE.INC(IF((RawData!$C$2:$C$941="LT")*(RawData!$F$2:$F$941="Pass")*(RawData!$G$2:$G$941<>0),RawData!$G$2:$G$941),0.25)-1.5*(PERCENTILE.INC(IF((RawData!$C$2:$C$941="LT")*(RawData!$F$2:$F$941="Pass")*(RawData!$G$2:$G$941<>0),RawData!$G$2:$G$941),0.75)-PERCENTILE.INC(IF((RawData!$C$2:$C$941="LT")*(RawData!$F$2:$F$941="Pass")*(RawData!$G$2:$G$941<>0),RawData!$G$2:$G$941),0.25)),"")} | K2: {=FERROR(PERCENTILE.INC(IF((RawData!$C$2:$C$941="LT")*(RawData!$F$2:$F$941="Pass")*(RawData!$G$2:$G$941<>0),RawData!$G$2:$G$941),0.75)+1.5*(PERCENTILE.INC(IF((RawData!$C$2:$C$941="LT")*(RawData!$F$2:$F$941="Pass")*(RawData!$G$2:$G$941<>0),RawData!$G$2:$G$941),0.75)-PERCENTILE.INC(IF((RawData!$C$2:$C$941="LT")*(RawData!$F$2:$F$941="Pass")*(RawData!$G$2:$G$941<>0),RawData!$G$2:$G$941),0.25)),"")} | L2: =IFERROR(MAX($F2,$H2,$J2),"") | M2: =IFERROR(MIN($G2,$I2,$K2),"") | N2: =IFERROR(MAX($G2-$F2,$I2-$H2,$K2-$J2)/MIN($G2-$F2,$I2-$H2,$K2-$J2),"") | O2: =IF($N2="","",IF($N2<1.2,"Good",IF($N2<1.5,"Review","Poor - non-normal")))
A3: LT | B3: Evap Inlet Ret Bend A | C3: =Config!$E$3 | D3: =Config!$F$3 | E3: =Config!$G$3 | F3: =Config!$F$3-3*Config!$G$3 | G3: =Config!$F$3+3*Config!$G$3 | H3: {=FERROR(PERCENTILE.INC(IF((RawData!$C$2:$C$941="LT")*(RawData!$F$2:$F$941="Pass")*(RawData!$H$2:$H$941<>0),RawData!$H$2:$H$941),0.01),"")} | I3: {=FERROR(PERCENTILE.INC(IF((RawData!$C$2:$C$941="LT")*(RawData!$F$2:$F$941="Pass")*(RawData!$H$2:$H$941<>0),RawData!$H$2:$H$941),0.99),"")} | J3: {=FERROR(PERCENTILE.INC(IF((RawData!$C$2:$C$941="LT")*(RawData!$F$2:$F$941="Pass")*(RawData!$H$2:$H$941<>0),RawData!$H$2:$H$941),0.25)-1.5*(PERCENTILE.INC(IF((RawData!$C$2:$C$941="LT")*(RawData!$F$2:$F$941="Pass")*(RawData!$H$2:$H$941<>0),RawData!$H$2:$H$941),0.75)-PERCENTILE.INC(IF((RawData!$C$2:$C$941="LT")*(RawData!$F$2:$F$941="Pass")*(RawData!$H$2:$H$941<>0),RawData!$H$2:$H$941),0.25)),"")} | K3: {=FERROR(PERCENTILE.INC(IF((RawData!$C$2:$C$941="LT")*(RawData!$F$2:$F$941="Pass")*(RawData!$H$2:$H$941<>0),RawData!$H$2:$H$941),0.75)+1.5*(PERCENTILE.INC(IF((RawData!$C$2:$C$941="LT")*(RawData!$F$2:$F$941="Pass")*(RawData!$H$2:$H$941<>0),RawData!$H$2:$H$941),0.75)-PERCENTILE.INC(IF((RawData!$C$2:$C$941="LT")*(RawData!$F$2:$F$941="Pass")*(RawData!$H$2:$H$941<>0),RawData!$H$2:$H$941),0.25)),"")} | L3: =IFERROR(MAX($F3,$H3,$J3),"") | M3: =IFERROR(MIN($G3,$I3,$K3),"") | N3: =IFERROR(MAX($G3-$F3,$I3-$H3,$K3-$J3)/MIN($G3-$F3,$I3-$H3,$K3-$J3),"") | O3: =IF($N3="","",IF($N3<1.2,"Good",IF($N3<1.5,"Review","Poor - non-normal")))
A4: LT | B4: Evap Inlet Ret Bend B | C4: =Config!$E$4 | D4: =Config!$F$4 | E4: =Config!$G$4 | F4: =Config!$F$4-3*Config!$G$4 | G4: =Config!$F$4+3*Config!$G$4 | H4: {=FERROR(PERCENTILE.INC(IF((RawData!$C$2:$C$941="LT")*(RawData!$F$2:$F$941="Pass")*(RawData!$I$2:$I$941<>0),RawData!$I$2:$I$941),0.01),"")} | I4: {=FERROR(PERCENTILE.INC(IF((RawData!$C$2:$C$941="LT")*(RawData!$F$2:$F$941="Pass")*(RawData!$I$2:$I$941<>0),RawData!$I$2:$I$941),0.99),"")} | J4: {=FERROR(PERCENTILE.INC(IF((RawData!$C$2:$C$941="LT")*(RawData!$F$2:$F$941="Pass")*(RawData!$I$2:$I$941<>0),RawData!$I$2:$I$941),0.25)-1.5*(PERCENTILE.INC(IF((RawData!$C$2:$C$941="LT")*(RawData!$F$2:$F$941="Pass")*(RawData!$I$2:$I$941<>0),RawData!$I$2:$I$941),0.75)-PERCENTILE.INC(IF((RawData!$C$2:$C$941="LT")*(RawData!$F$2:$F$941="Pass")*(RawData!$I$2:$I$941<>0),RawData!$I$2:$I$941),0.25)),"")} | K4: {=FERROR(PERCENTILE.INC(IF((RawData!$C$2:$C$941="LT")*(RawData!$F$2:$F$941="Pass")*(RawData!$I$2:$I$941<>0),RawData!$I$2:$I$941),0.75)+1.5*(PERCENTILE.INC(IF((RawData!$C$2:$C$941="LT")*(RawData!$F$2:$F$941="Pass")*(RawData!$I$2:$I$941<>0),RawData!$I$2:$I$941),0.75)-PERCENTILE.INC(IF((RawData!$C$2:$C$941="LT")*(RawData!$F$2:$F$941="Pass")*(RawData!$I$2:$I$941<>0),RawData!$I$2:$I$941),0.25)),"")} | L4: =IFERROR(MAX($F4,$H4,$J4),"") | M4: =IFERROR(MIN($G4,$I4,$K4),"") | N4: =IFERROR(MAX($G4-$F4,$I4-$H4,$K4-$J4)/MIN($G4-$F4,$I4-$H4,$K4-$J4),"") | O4: =IF($N4="","",IF($N4<1.2,"Good",IF($N4<1.5,"Review","Poor - non-normal")))
A5: LT | B5: Evap Outlet Air Temp | C5: =Config!$E$5 | D5: =Config!$F$5 | E5: =Config!$G$5 | F5: =Config!$F$5-3*Config!$G$5 | G5: =Config!$F$5+3*Config!$G$5 | H5: {=FERROR(PERCENTILE.INC(IF((RawData!$C$2:$C$941="LT")*(RawData!$F$2:$F$941="Pass")*(RawData!$J$2:$J$941<>0),RawData!$J$2:$J$941),0.01),"")} | I5: {=FERROR(PERCENTILE.INC(IF((RawData!$C$2:$C$941="LT")*(RawData!$F$2:$F$941="Pass")*(RawData!$J$2:$J$941<>0),RawData!$J$2:$J$941),0.99),"")} | J5: {=FERROR(PERCENTILE.INC(IF((RawData!$C$2:$C$941="LT")*(RawData!$F$2:$F$941="Pass")*(RawData!$J$2:$J$941<>0),RawData!$J$2:$J$941),0.25)-1.5*(PERCENTILE.INC(IF((RawData!$C$2:$C$941="LT")*(RawData!$F$2:$F$941="Pass")*(RawData!$J$2:$J$941<>0),RawData!$J$2:$J$941),0.75)-PERCENTILE.INC(IF((RawData!$C$2:$C$941="LT")*(RawData!$F$2:$F$941="Pass")*(RawData!$J$2:$J$941<>0),RawData!$J$2:$J$941),0.25)),"")} | K5: {=FERROR(PERCENTILE.INC(IF((RawData!$C$2:$C$941="LT")*(RawData!$F$2:$F$941="Pass")*(RawData!$J$2:$J$941<>0),RawData!$J$2:$J$941),0.75)+1.5*(PERCENTILE.INC(IF((RawData!$C$2:$C$941="LT")*(RawData!$F$2:$F$941="Pass")*(RawData!$J$2:$J$941<>0),RawData!$J$2:$J$941),0.75)-PERCENTILE.INC(IF((RawData!$C$2:$C$941="LT")*(RawData!$F$2:$F$941="Pass")*(RawData!$J$2:$J$941<>0),RawData!$J$2:$J$941),0.25)),"")} | L5: =IFERROR(MAX($F5,$H5,$J5),"") | M5: =IFERROR(MIN($G5,$I5,$K5),"") | N5: =IFERROR(MAX($G5-$F5,$I5-$H5,$K5-$J5)/MIN($G5-$F5,$I5-$H5,$K5-$J5),"") | O5: =IF($N5="","",IF($N5<1.2,"Good",IF($N5<1.5,"Review","Poor - non-normal")))
A6: LT | B6: Evap B Outlet Air Temp | C6: =Config!$E$6 | D6: =Config!$F$6 | E6: =Config!$G$6 | F6: =Config!$F$6-3*Config!$G$6 | G6: =Config!$F$6+3*Config!$G$6 | H6: {=FERROR(PERCENTILE.INC(IF((RawData!$C$2:$C$941="LT")*(RawData!$F$2:$F$941="Pass")*(RawData!$K$2:$K$941<>0),RawData!$K$2:$K$941),0.01),"")} | I6: {=FERROR(PERCENTILE.INC(IF((RawData!$C$2:$C$941="LT")*(RawData!$F$2:$F$941="Pass")*(RawData!$K$2:$K$941<>0),RawData!$K$2:$K$941),0.99),"")} | J6: {=FERROR(PERCENTILE.INC(IF((RawData!$C$2:$C$941="LT")*(RawData!$F$2:$F$941="Pass")*(RawData!$K$2:$K$941<>0),RawData!$K$2:$K$941),0.25)-1.5*(PERCENTILE.INC(IF((RawData!$C$2:$C$941="LT")*(RawData!$F$2:$F$941="Pass")*(RawData!$K$2:$K$941<>0),RawData!$K$2:$K$941),0.75)-PERCENTILE.INC(IF((RawData!$C$2:$C$941="LT")*(RawData!$F$2:$F$941="Pass")*(RawData!$K$2:$K$941<>0),RawData!$K$2:$K$941),0.25)),"")} | K6: {=FERROR(PERCENTILE.INC(IF((RawData!$C$2:$C$941="LT")*(RawData!$F$2:$F$941="Pass")*(RawData!$K$2:$K$941<>0),RawData!$K$2:$K$941),0.75)+1.5*(PERCENTILE.INC(IF((RawData!$C$2:$C$941="LT")*(RawData!$F$2:$F$941="Pass")*(RawData!$K$2:$K$941<>0),RawData!$K$2:$K$941),0.75)-PERCENTILE.INC(IF((RawData!$C$2:$C$941="LT")*(RawData!$F$2:$F$941="Pass")*(RawData!$K$2:$K$941<>0),RawData!$K$2:$K$941),0.25)),"")} | L6: =IFERROR(MAX($F6,$H6,$J6),"") | M6: =IFERROR(MIN($G6,$I6,$K6),"") | N6: =IFERROR(MAX($G6-$F6,$I6-$H6,$K6-$J6)/MIN($G6-$F6,$I6-$H6,$K6-$J6),"") | O6: =IF($N6="","",IF($N6<1.2,"Good",IF($N6<1.5,"Review","Poor - non-normal")))
A7: LT | B7: Inlet/Outlet Delta | C7: =Config!$E$7 | D7: =Config!$F$7 | E7: =Config!$G$7 | F7: =Config!$F$7-3*Config!$G$7 | G7: =Config!$F$7+3*Config!$G$7 | H7: {=FERROR(PERCENTILE.INC(IF((RawData!$C$2:$C$941="LT")*(RawData!$F$2:$F$941="Pass")*(RawData!$L$2:$L$941<>0),RawData!$L$2:$L$941),0.01),"")} | I7: {=FERROR(PERCENTILE.INC(IF((RawData!$C$2:$C$941="LT")*(RawData!$F$2:$F$941="Pass")*(RawData!$L$2:$L$941<>0),RawData!$L$2:$L$941),0.99),"")} | J7: {=FERROR(PERCENTILE.INC(IF((RawData!$C$2:$C$941="LT")*(RawData!$F$2:$F$941="Pass")*(RawData!$L$2:$L$941<>0),RawData!$L$2:$L$941),0.25)-1.5*(PERCENTILE.INC(IF((RawData!$C$2:$C$941="LT")*(RawData!$F$2:$F$941="Pass")*(RawData!$L$2:$L$941<>0),RawData!$L$2:$L$941),0.75)-PERCENTILE.INC(IF((RawData!$C$2:$C$941="LT")*(RawData!$F$2:$F$941="Pass")*(RawData!$L$2:$L$941<>0),RawData!$L$2:$L$941),0.25)),"")} | K7: {=FERROR(PERCENTILE.INC(IF((RawData!$C$2:$C$941="LT")*(RawData!$F$2:$F$941="Pass")*(RawData!$L$2:$L$941<>0),RawData!$L$2:$L$941),0.75)+1.5*(PERCENTILE.INC(IF((RawData!$C$2:$C$941="LT")*(RawData!$F$2:$F$941="Pass")*(RawData!$L$2:$L$941<>0),RawData!$L$2:$L$941),0.75)-PERCENTILE.INC(IF((RawData!$C$2:$C$941="LT")*(RawData!$F$2:$F$941="Pass")*(RawData!$L$2:$L$941<>0),RawData!$L$2:$L$941),0.25)),"")} | L7: =IFERROR(MAX($F7,$H7,$J7),"") | M7: =IFERROR(MIN($G7,$I7,$K7),"") | N7: =IFERROR(MAX($G7-$F7,$I7-$H7,$K7-$J7)/MIN($G7-$F7,$I7-$H7,$K7-$J7),"") | O7: =IF($N7="","",IF($N7<1.2,"Good",IF($N7<1.5,"Review","Poor - non-normal")))
A8: LT | B8: Inlet/Outlet B Delta | C8: =Config!$E$8 | D8: =Config!$F$8 | E8: =Config!$G$8 | F8: =Config!$F$8-3*Config!$G$8 | G8: =Config!$F$8+3*Config!$G$8 | H8: {=FERROR(PERCENTILE.INC(IF((RawData!$C$2:$C$941="LT")*(RawData!$F$2:$F$941="Pass")*(RawData!$M$2:$M$941<>0),RawData!$M$2:$M$941),0.01),"")} | I8: {=FERROR(PERCENTILE.INC(IF((RawData!$C$2:$C$941="LT")*(RawData!$F$2:$F$941="Pass")*(RawData!$M$2:$M$941<>0),RawData!$M$2:$M$941),0.99),"")} | J8: {=FERROR(PERCENTILE.INC(IF((RawData!$C$2:$C$941="LT")*(RawData!$F$2:$F$941="Pass")*(RawData!$M$2:$M$941<>0),RawData!$M$2:$M$941),0.25)-1.5*(PERCENTILE.INC(IF((RawData!$C$2:$C$941="LT")*(RawData!$F$2:$F$941="Pass")*(RawData!$M$2:$M$941<>0),RawData!$M$2:$M$941),0.75)-PERCENTILE.INC(IF((RawData!$C$2:$C$941="LT")*(RawData!$F$2:$F$941="Pass")*(RawData!$M$2:$M$941<>0),RawData!$M$2:$M$941),0.25)),"")} | K8: {=FERROR(PERCENTILE.INC(IF((RawData!$C$2:$C$941="LT")*(RawData!$F$2:$F$941="Pass")*(RawData!$M$2:$M$941<>0),RawData!$M$2:$M$941),0.75)+1.5*(PERCENTILE.INC(IF((RawData!$C$2:$C$941="LT")*(RawData!$F$2:$F$941="Pass")*(RawData!$M$2:$M$941<>0),RawData!$M$2:$M$941),0.75)-PERCENTILE.INC(IF((RawData!$C$2:$C$941="LT")*(RawData!$F$2:$F$941="Pass")*(RawData!$M$2:$M$941<>0),RawData!$M$2:$M$941),0.25)),"")} | L8: =IFERROR(MAX($F8,$H8,$J8),"") | M8: =IFERROR(MIN($G8,$I8,$K8),"") | N8: =IFERROR(MAX($G8-$F8,$I8-$H8,$K8-$J8)/MIN($G8-$F8,$I8-$H8,$K8-$J8),"") | O8: =IF($N8="","",IF($N8<1.2,"Good",IF($N8<1.5,"Review","Poor - non-normal")))
A9: LT | B9: Ambient Temp | C9: =Config!$E$9 | D9: =Config!$F$9 | E9: =Config!$G$9 | F9: =Config!$F$9-3*Config!$G$9 | G9: =Config!$F$9+3*Config!$G$9 | H9: {=FERROR(PERCENTILE.INC(IF((RawData!$C$2:$C$941="LT")*(RawData!$F$2:$F$941="Pass")*(RawData!$N$2:$N$941<>0),RawData!$N$2:$N$941),0.01),"")} | I9: {=FERROR(PERCENTILE.INC(IF((RawData!$C$2:$C$941="LT")*(RawData!$F$2:$F$941="Pass")*(RawData!$N$2:$N$941<>0),RawData!$N$2:$N$941),0.99),"")} | J9: {=FERROR(PERCENTILE.INC(IF((RawData!$C$2:$C$941="LT")*(RawData!$F$2:$F$941="Pass")*(RawData!$N$2:$N$941<>0),RawData!$N$2:$N$941),0.25)-1.5*(PERCENTILE.INC(IF((RawData!$C$2:$C$941="LT")*(RawData!$F$2:$F$941="Pass")*(RawData!$N$2:$N$941<>0),RawData!$N$2:$N$941),0.75)-PERCENTILE.INC(IF((RawData!$C$2:$C$941="LT")*(RawData!$F$2:$F$941="Pass")*(RawData!$N$2:$N$941<>0),RawData!$N$2:$N$941),0.25)),"")} | K9: {=FERROR(PERCENTILE.INC(IF((RawData!$C$2:$C$941="LT")*(RawData!$F$2:$F$941="Pass")*(RawData!$N$2:$N$941<>0),RawData!$N$2:$N$941),0.75)+1.5*(PERCENTILE.INC(IF((RawData!$C$2:$C$941="LT")*(RawData!$F$2:$F$941="Pass")*(RawData!$N$2:$N$941<>0),RawData!$N$2:$N$941),0.75)-PERCENTILE.INC(IF((RawData!$C$2:$C$941="LT")*(RawData!$F$2:$F$941="Pass")*(RawData!$N$2:$N$941<>0),RawData!$N$2:$N$941),0.25)),"")} | L9: =IFERROR(MAX($F9,$H9,$J9),"") | M9: =IFERROR(MIN($G9,$I9,$K9),"") | N9: =IFERROR(MAX($G9-$F9,$I9-$H9,$K9-$J9)/MIN($G9-$F9,$I9-$H9,$K9-$J9),"") | O9: =IF($N9="","",IF($N9<1.2,"Good",IF($N9<1.5,"Review","Poor - non-normal")))
A10: LT | B10: Startup Voltage | C10: =Config!$E$10 | D10: =Config!$F$10 | E10: =Config!$G$10 | F10: =Config!$F$10-3*Config!$G$10 | G10: =Config!$F$10+3*Config!$G$10 | H10: {=FERROR(PERCENTILE.INC(IF((RawData!$C$2:$C$941="LT")*(RawData!$F$2:$F$941="Pass")*(RawData!$O$2:$O$941<>0),RawData!$O$2:$O$941),0.01),"")} | I10: {=FERROR(PERCENTILE.INC(IF((RawData!$C$2:$C$941="LT")*(RawData!$F$2:$F$941="Pass")*(RawData!$O$2:$O$941<>0),RawData!$O$2:$O$941),0.99),"")} | J10: {=FERROR(PERCENTILE.INC(IF((RawData!$C$2:$C$941="LT")*(RawData!$F$2:$F$941="Pass")*(RawData!$O$2:$O$941<>0),RawData!$O$2:$O$941),0.25)-1.5*(PERCENTILE.INC(IF((RawData!$C$2:$C$941="LT")*(RawData!$F$2:$F$941="Pass")*(RawData!$O$2:$O$941<>0),RawData!$O$2:$O$941),0.75)-PERCENTILE.INC(IF((RawData!$C$2:$C$941="LT")*(RawData!$F$2:$F$941="Pass")*(RawData!$O$2:$O$941<>0),RawData!$O$2:$O$941),0.25)),"")} | K10: {=FERROR(PERCENTILE.INC(IF((RawData!$C$2:$C$941="LT")*(RawData!$F$2:$F$941="Pass")*(RawData!$O$2:$O$941<>0),RawData!$O$2:$O$941),0.75)+1.5*(PERCENTILE.INC(IF((RawData!$C$2:$C$941="LT")*(RawData!$F$2:$F$941="Pass")*(RawData!$O$2:$O$941<>0),RawData!$O$2:$O$941),0.75)-PERCENTILE.INC(IF((RawData!$C$2:$C$941="LT")*(RawData!$F$2:$F$941="Pass")*(RawData!$O$2:$O$941<>0),RawData!$O$2:$O$941),0.25)),"")} | L10: =IFERROR(MAX($F10,$H10,$J10),"") | M10: =IFERROR(MIN($G10,$I10,$K10),"") | N10: =IFERROR(MAX($G10-$F10,$I10-$H10,$K10-$J10)/MIN($G10-$F10,$I10-$H10,$K10-$J10),"") | O10: =IF($N10="","",IF($N10<1.2,"Good",IF($N10<1.5,"Review","Poor - non-normal")))
A11: LT | B11: Final Voltage | C11: =Config!$E$11 | D11: =Config!$F$11 | E11: =Config!$G$11 | F11: =Config!$F$11-3*Config!$G$11 | G11: =Config!$F$11+3*Config!$G$11 | H11: {=FERROR(PERCENTILE.INC(IF((RawData!$C$2:$C$941="LT")*(RawData!$F$2:$F$941="Pass")*(RawData!$P$2:$P$941<>0),RawData!$P$2:$P$941),0.01),"")} | I11: {=FERROR(PERCENTILE.INC(IF((RawData!$C$2:$C$941="LT")*(RawData!$F$2:$F$941="Pass")*(RawData!$P$2:$P$941<>0),RawData!$P$2:$P$941),0.99),"")} | J11: {=FERROR(PERCENTILE.INC(IF((RawData!$C$2:$C$941="LT")*(RawData!$F$2:$F$941="Pass")*(RawData!$P$2:$P$941<>0),RawData!$P$2:$P$941),0.25)-1.5*(PERCENTILE.INC(IF((RawData!$C$2:$C$941="LT")*(RawData!$F$2:$F$941="Pass")*(RawData!$P$2:$P$941<>0),RawData!$P$2:$P$941),0.75)-PERCENTILE.INC(IF((RawData!$C$2:$C$941="LT")*(RawData!$F$2:$F$941="Pass")*(RawData!$P$2:$P$941<>0),RawData!$P$2:$P$941),0.25)),"")} | K11: {=FERROR(PERCENTILE.INC(IF((RawData!$C$2:$C$941="LT")*(RawData!$F$2:$F$941="Pass")*(RawData!$P$2:$P$941<>0),RawData!$P$2:$P$941),0.75)+1.5*(PERCENTILE.INC(IF((RawData!$C$2:$C$941="LT")*(RawData!$F$2:$F$941="Pass")*(RawData!$P$2:$P$941<>0),RawData!$P$2:$P$941),0.75)-PERCENTILE.INC(IF((RawData!$C$2:$C$941="LT")*(RawData!$F$2:$F$941="Pass")*(RawData!$P$2:$P$941<>0),RawData!$P$2:$P$941),0.25)),"")} | L11: =IFERROR(MAX($F11,$H11,$J11),"") | M11: =IFERROR(MIN($G11,$I11,$K11),"") | N11: =IFERROR(MAX($G11-$F11,$I11-$H11,$K11-$J11)/MIN($G11-$F11,$I11-$H11,$K11-$J11),"") | O11: =IF($N11="","",IF($N11<1.2,"Good",IF($N11<1.5,"Review","Poor - non-normal")))
A12: LT | B12: Startup Current | C12: =Config!$E$12 | D12: =Config!$F$12 | E12: =Config!$G$12 | F12: =Config!$F$12-3*Config!$G$12 | G12: =Config!$F$12+3*Config!$G$12 | H12: {=FERROR(PERCENTILE.INC(IF((RawData!$C$2:$C$941="LT")*(RawData!$F$2:$F$941="Pass")*(RawData!$Q$2:$Q$941<>0),RawData!$Q$2:$Q$941),0.01),"")} | I12: {=FERROR(PERCENTILE.INC(IF((RawData!$C$2:$C$941="LT")*(RawData!$F$2:$F$941="Pass")*(RawData!$Q$2:$Q$941<>0),RawData!$Q$2:$Q$941),0.99),"")} | J12: {=FERROR(PERCENTILE.INC(IF((RawData!$C$2:$C$941="LT")*(RawData!$F$2:$F$941="Pass")*(RawData!$Q$2:$Q$941<>0),RawData!$Q$2:$Q$941),0.25)-1.5*(PERCENTILE.INC(IF((RawData!$C$2:$C$941="LT")*(RawData!$F$2:$F$941="Pass")*(RawData!$Q$2:$Q$941<>0),RawData!$Q$2:$Q$941),0.75)-PERCENTILE.INC(IF((RawData!$C$2:$C$941="LT")*(RawData!$F$2:$F$941="Pass")*(RawData!$Q$2:$Q$941<>0),RawData!$Q$2:$Q$941),0.25)),"")} | K12: {=FERROR(PERCENTILE.INC(IF((RawData!$C$2:$C$941="LT")*(RawData!$F$2:$F$941="Pass")*(RawData!$Q$2:$Q$941<>0),RawData!$Q$2:$Q$941),0.75)+1.5*(PERCENTILE.INC(IF((RawData!$C$2:$C$941="LT")*(RawData!$F$2:$F$941="Pass")*(RawData!$Q$2:$Q$941<>0),RawData!$Q$2:$Q$941),0.75)-PERCENTILE.INC(IF((RawData!$C$2:$C$941="LT")*(RawData!$F$2:$F$941="Pass")*(RawData!$Q$2:$Q$941<>0),RawData!$Q$2:$Q$941),0.25)),"")} | L12: =IFERROR(MAX($F12,$H12,$J12),"") | M12: =IFERROR(MIN($G12,$I12,$K12),"") | N12: =IFERROR(MAX($G12-$F12,$I12-$H12,$K12-$J12)/MIN($G12-$F12,$I12-$H12,$K12-$J12),"") | O12: =IF($N12="","",IF($N12<1.2,"Good",IF($N12<1.5,"Review","Poor - non-normal")))
A13: LT | B13: Final Current | C13: =Config!$E$13 | D13: =Config!$F$13 | E13: =Config!$G$13 | F13: =Config!$F$13-3*Config!$G$13 | G13: =Config!$F$13+3*Config!$G$13 | H13: {=FERROR(PERCENTILE.INC(IF((RawData!$C$2:$C$941="LT")*(RawData!$F$2:$F$941="Pass")*(RawData!$R$2:$R$941<>0),RawData!$R$2:$R$941),0.01),"")} | I13: {=FERROR(PERCENTILE.INC(IF((RawData!$C$2:$C$941="LT")*(RawData!$F$2:$F$941="Pass")*(RawData!$R$2:$R$941<>0),RawData!$R$2:$R$941),0.99),"")} | J13: {=FERROR(PERCENTILE.INC(IF((RawData!$C$2:$C$941="LT")*(RawData!$F$2:$F$941="Pass")*(RawData!$R$2:$R$941<>0),RawData!$R$2:$R$941),0.25)-1.5*(PERCENTILE.INC(IF((RawData!$C$2:$C$941="LT")*(RawData!$F$2:$F$941="Pass")*(RawData!$R$2:$R$941<>0),RawData!$R$2:$R$941),0.75)-PERCENTILE.INC(IF((RawData!$C$2:$C$941="LT")*(RawData!$F$2:$F$941="Pass")*(RawData!$R$2:$R$941<>0),RawData!$R$2:$R$941),0.25)),"")} | K13: {=FERROR(PERCENTILE.INC(IF((RawData!$C$2:$C$941="LT")*(RawData!$F$2:$F$941="Pass")*(RawData!$R$2:$R$941<>0),RawData!$R$2:$R$941),0.75)+1.5*(PERCENTILE.INC(IF((RawData!$C$2:$C$941="LT")*(RawData!$F$2:$F$941="Pass")*(RawData!$R$2:$R$941<>0),RawData!$R$2:$R$941),0.75)-PERCENTILE.INC(IF((RawData!$C$2:$C$941="LT")*(RawData!$F$2:$F$941="Pass")*(RawData!$R$2:$R$941<>0),RawData!$R$2:$R$941),0.25)),"")} | L13: =IFERROR(MAX($F13,$H13,$J13),"") | M13: =IFERROR(MIN($G13,$I13,$K13),"") | N13: =IFERROR(MAX($G13-$F13,$I13-$H13,$K13-$J13)/MIN($G13-$F13,$I13-$H13,$K13-$J13),"") | O13: =IF($N13="","",IF($N13<1.2,"Good",IF($N13<1.5,"Review","Poor - non-normal")))
A14: MT | B14: Suction Tube Temp | C14: =Config!$E$14 | D14: =Config!$F$14 | E14: =Config!$G$14 | F14: =Config!$F$14-3*Config!$G$14 | G14: =Config!$F$14+3*Config!$G$14 | H14: {=FERROR(PERCENTILE.INC(IF((RawData!$C$2:$C$941="MT")*(RawData!$F$2:$F$941="Pass")*(RawData!$G$2:$G$941<>0),RawData!$G$2:$G$941),0.01),"")} | I14: {=FERROR(PERCENTILE.INC(IF((RawData!$C$2:$C$941="MT")*(RawData!$F$2:$F$941="Pass")*(RawData!$G$2:$G$941<>0),RawData!$G$2:$G$941),0.99),"")} | J14: {=FERROR(PERCENTILE.INC(IF((RawData!$C$2:$C$941="MT")*(RawData!$F$2:$F$941="Pass")*(RawData!$G$2:$G$941<>0),RawData!$G$2:$G$941),0.25)-1.5*(PERCENTILE.INC(IF((RawData!$C$2:$C$941="MT")*(RawData!$F$2:$F$941="Pass")*(RawData!$G$2:$G$941<>0),RawData!$G$2:$G$941),0.75)-PERCENTILE.INC(IF((RawData!$C$2:$C$941="MT")*(RawData!$F$2:$F$941="Pass")*(RawData!$G$2:$G$941<>0),RawData!$G$2:$G$941),0.25)),"")} | K14: {=FERROR(PERCENTILE.INC(IF((RawData!$C$2:$C$941="MT")*(RawData!$F$2:$F$941="Pass")*(RawData!$G$2:$G$941<>0),RawData!$G$2:$G$941),0.75)+1.5*(PERCENTILE.INC(IF((RawData!$C$2:$C$941="MT")*(RawData!$F$2:$F$941="Pass")*(RawData!$G$2:$G$941<>0),RawData!$G$2:$G$941),0.75)-PERCENTILE.INC(IF((RawData!$C$2:$C$941="MT")*(RawData!$F$2:$F$941="Pass")*(RawData!$G$2:$G$941<>0),RawData!$G$2:$G$941),0.25)),"")} | L14: =IFERROR(MAX($F14,$H14,$J14),"") | M14: =IFERROR(MIN($G14,$I14,$K14),"") | N14: =IFERROR(MAX($G14-$F14,$I14-$H14,$K14-$J14)/MIN($G14-$F14,$I14-$H14,$K14-$J14),"") | O14: =IF($N14="","",IF($N14<1.2,"Good",IF($N14<1.5,"Review","Poor - non-normal")))
A15: MT | B15: Evap Inlet Ret Bend A | C15: =Config!$E$15 | D15: =Config!$F$15 | E15: =Config!$G$15 | F15: =Config!$F$15-3*Config!$G$15 | G15: =Config!$F$15+3*Config!$G$15 | H15: {=FERROR(PERCENTILE.INC(IF((RawData!$C$2:$C$941="MT")*(RawData!$F$2:$F$941="Pass")*(RawData!$H$2:$H$941<>0),RawData!$H$2:$H$941),0.01),"")} | I15: {=FERROR(PERCENTILE.INC(IF((RawData!$C$2:$C$941="MT")*(RawData!$F$2:$F$941="Pass")*(RawData!$H$2:$H$941<>0),RawData!$H$2:$H$941),0.99),"")} | J15: {=FERROR(PERCENTILE.INC(IF((RawData!$C$2:$C$941="MT")*(RawData!$F$2:$F$941="Pass")*(RawData!$H$2:$H$941<>0),RawData!$H$2:$H$941),0.25)-1.5*(PERCENTILE.INC(IF((RawData!$C$2:$C$941="MT")*(RawData!$F$2:$F$941="Pass")*(RawData!$H$2:$H$941<>0),RawData!$H$2:$H$941),0.75)-PERCENTILE.INC(IF((RawData!$C$2:$C$941="MT")*(RawData!$F$2:$F$941="Pass")*(RawData!$H$2:$H$941<>0),RawData!$H$2:$H$941),0.25)),"")} | K15: {=FERROR(PERCENTILE.INC(IF((RawData!$C$2:$C$941="MT")*(RawData!$F$2:$F$941="Pass")*(RawData!$H$2:$H$941<>0),RawData!$H$2:$H$941),0.75)+1.5*(PERCENTILE.INC(IF((RawData!$C$2:$C$941="MT")*(RawData!$F$2:$F$941="Pass")*(RawData!$H$2:$H$941<>0),RawData!$H$2:$H$941),0.75)-PERCENTILE.INC(IF((RawData!$C$2:$C$941="MT")*(RawData!$F$2:$F$941="Pass")*(RawData!$H$2:$H$941<>0),RawData!$H$2:$H$941),0.25)),"")} | L15: =IFERROR(MAX($F15,$H15,$J15),"") | M15: =IFERROR(MIN($G15,$I15,$K15),"") | N15: =IFERROR(MAX($G15-$F15,$I15-$H15,$K15-$J15)/MIN($G15-$F15,$I15-$H15,$K15-$J15),"") | O15: =IF($N15="","",IF($N15<1.2,"Good",IF($N15<1.5,"Review","Poor - non-normal")))
A16: MT | B16: Evap Inlet Ret Bend B | C16: =Config!$E$16 | D16: =Config!$F$16 | E16: =Config!$G$16 | F16: =Config!$F$16-3*Config!$G$16 | G16: =Config!$F$16+3*Config!$G$16 | H16: {=FERROR(PERCENTILE.INC(IF((RawData!$C$2:$C$941="MT")*(RawData!$F$2:$F$941="Pass")*(RawData!$I$2:$I$941<>0),RawData!$I$2:$I$941),0.01),"")} | I16: {=FERROR(PERCENTILE.INC(IF((RawData!$C$2:$C$941="MT")*(RawData!$F$2:$F$941="Pass")*(RawData!$I$2:$I$941<>0),RawData!$I$2:$I$941),0.99),"")} | J16: {=FERROR(PERCENTILE.INC(IF((RawData!$C$2:$C$941="MT")*(RawData!$F$2:$F$941="Pass")*(RawData!$I$2:$I$941<>0),RawData!$I$2:$I$941),0.25)-1.5*(PERCENTILE.INC(IF((RawData!$C$2:$C$941="MT")*(RawData!$F$2:$F$941="Pass")*(RawData!$I$2:$I$941<>0),RawData!$I$2:$I$941),0.75)-PERCENTILE.INC(IF((RawData!$C$2:$C$941="MT")*(RawData!$F$2:$F$941="Pass")*(RawData!$I$2:$I$941<>0),RawData!$I$2:$I$941),0.25)),"")} | K16: {=FERROR(PERCENTILE.INC(IF((RawData!$C$2:$C$941="MT")*(RawData!$F$2:$F$941="Pass")*(RawData!$I$2:$I$941<>0),RawData!$I$2:$I$941),0.75)+1.5*(PERCENTILE.INC(IF((RawData!$C$2:$C$941="MT")*(RawData!$F$2:$F$941="Pass")*(RawData!$I$2:$I$941<>0),RawData!$I$2:$I$941),0.75)-PERCENTILE.INC(IF((RawData!$C$2:$C$941="MT")*(RawData!$F$2:$F$941="Pass")*(RawData!$I$2:$I$941<>0),RawData!$I$2:$I$941),0.25)),"")} | L16: =IFERROR(MAX($F16,$H16,$J16),"") | M16: =IFERROR(MIN($G16,$I16,$K16),"") | N16: =IFERROR(MAX($G16-$F16,$I16-$H16,$K16-$J16)/MIN($G16-$F16,$I16-$H16,$K16-$J16),"") | O16: =IF($N16="","",IF($N16<1.2,"Good",IF($N16<1.5,"Review","Poor - non-normal")))
A17: MT | B17: Evap Outlet Air Temp | C17: =Config!$E$17 | D17: =Config!$F$17 | E17: =Config!$G$17 | F17: =Config!$F$17-3*Config!$G$17 | G17: =Config!$F$17+3*Config!$G$17 | H17: {=FERROR(PERCENTILE.INC(IF((RawData!$C$2:$C$941="MT")*(RawData!$F$2:$F$941="Pass")*(RawData!$J$2:$J$941<>0),RawData!$J$2:$J$941),0.01),"")} | I17: {=FERROR(PERCENTILE.INC(IF((RawData!$C$2:$C$941="MT")*(RawData!$F$2:$F$941="Pass")*(RawData!$J$2:$J$941<>0),RawData!$J$2:$J$941),0.99),"")} | J17: {=FERROR(PERCENTILE.INC(IF((RawData!$C$2:$C$941="MT")*(RawData!$F$2:$F$941="Pass")*(RawData!$J$2:$J$941<>0),RawData!$J$2:$J$941),0.25)-1.5*(PERCENTILE.INC(IF((RawData!$C$2:$C$941="MT")*(RawData!$F$2:$F$941="Pass")*(RawData!$J$2:$J$941<>0),RawData!$J$2:$J$941),0.75)-PERCENTILE.INC(IF((RawData!$C$2:$C$941="MT")*(RawData!$F$2:$F$941="Pass")*(RawData!$J$2:$J$941<>0),RawData!$J$2:$J$941),0.25)),"")} | K17: {=FERROR(PERCENTILE.INC(IF((RawData!$C$2:$C$941="MT")*(RawData!$F$2:$F$941="Pass")*(RawData!$J$2:$J$941<>0),RawData!$J$2:$J$941),0.75)+1.5*(PERCENTILE.INC(IF((RawData!$C$2:$C$941="MT")*(RawData!$F$2:$F$941="Pass")*(RawData!$J$2:$J$941<>0),RawData!$J$2:$J$941),0.75)-PERCENTILE.INC(IF((RawData!$C$2:$C$941="MT")*(RawData!$F$2:$F$941="Pass")*(RawData!$J$2:$J$941<>0),RawData!$J$2:$J$941),0.25)),"")} | L17: =IFERROR(MAX($F17,$H17,$J17),"") | M17: =IFERROR(MIN($G17,$I17,$K17),"") | N17: =IFERROR(MAX($G17-$F17,$I17-$H17,$K17-$J17)/MIN($G17-$F17,$I17-$H17,$K17-$J17),"") | O17: =IF($N17="","",IF($N17<1.2,"Good",IF($N17<1.5,"Review","Poor - non-normal")))
A18: MT | B18: Evap B Outlet Air Temp | C18: =Config!$E$18 | D18: =Config!$F$18 | E18: =Config!$G$18 | F18: =Config!$F$18-3*Config!$G$18 | G18: =Config!$F$18+3*Config!$G$18 | H18: {=FERROR(PERCENTILE.INC(IF((RawData!$C$2:$C$941="MT")*(RawData!$F$2:$F$941="Pass")*(RawData!$K$2:$K$941<>0),RawData!$K$2:$K$941),0.01),"")} | I18: {=FERROR(PERCENTILE.INC(IF((RawData!$C$2:$C$941="MT")*(RawData!$F$2:$F$941="Pass")*(RawData!$K$2:$K$941<>0),RawData!$K$2:$K$941),0.99),"")} | J18: {=FERROR(PERCENTILE.INC(IF((RawData!$C$2:$C$941="MT")*(RawData!$F$2:$F$941="Pass")*(RawData!$K$2:$K$941<>0),RawData!$K$2:$K$941),0.25)-1.5*(PERCENTILE.INC(IF((RawData!$C$2:$C$941="MT")*(RawData!$F$2:$F$941="Pass")*(RawData!$K$2:$K$941<>0),RawData!$K$2:$K$941),0.75)-PERCENTILE.INC(IF((RawData!$C$2:$C$941="MT")*(RawData!$F$2:$F$941="Pass")*(RawData!$K$2:$K$941<>0),RawData!$K$2:$K$941),0.25)),"")} | K18: {=FERROR(PERCENTILE.INC(IF((RawData!$C$2:$C$941="MT")*(RawData!$F$2:$F$941="Pass")*(RawData!$K$2:$K$941<>0),RawData!$K$2:$K$941),0.75)+1.5*(PERCENTILE.INC(IF((RawData!$C$2:$C$941="MT")*(RawData!$F$2:$F$941="Pass")*(RawData!$K$2:$K$941<>0),RawData!$K$2:$K$941),0.75)-PERCENTILE.INC(IF((RawData!$C$2:$C$941="MT")*(RawData!$F$2:$F$941="Pass")*(RawData!$K$2:$K$941<>0),RawData!$K$2:$K$941),0.25)),"")} | L18: =IFERROR(MAX($F18,$H18,$J18),"") | M18: =IFERROR(MIN($G18,$I18,$K18),"") | N18: =IFERROR(MAX($G18-$F18,$I18-$H18,$K18-$J18)/MIN($G18-$F18,$I18-$H18,$K18-$J18),"") | O18: =IF($N18="","",IF($N18<1.2,"Good",IF($N18<1.5,"Review","Poor - non-normal")))
A19: MT | B19: Inlet/Outlet Delta | C19: =Config!$E$19 | D19: =Config!$F$19 | E19: =Config!$G$19 | F19: =Config!$F$19-3*Config!$G$19 | G19: =Config!$F$19+3*Config!$G$19 | H19: {=FERROR(PERCENTILE.INC(IF((RawData!$C$2:$C$941="MT")*(RawData!$F$2:$F$941="Pass")*(RawData!$L$2:$L$941<>0),RawData!$L$2:$L$941),0.01),"")} | I19: {=FERROR(PERCENTILE.INC(IF((RawData!$C$2:$C$941="MT")*(RawData!$F$2:$F$941="Pass")*(RawData!$L$2:$L$941<>0),RawData!$L$2:$L$941),0.99),"")} | J19: {=FERROR(PERCENTILE.INC(IF((RawData!$C$2:$C$941="MT")*(RawData!$F$2:$F$941="Pass")*(RawData!$L$2:$L$941<>0),RawData!$L$2:$L$941),0.25)-1.5*(PERCENTILE.INC(IF((RawData!$C$2:$C$941="MT")*(RawData!$F$2:$F$941="Pass")*(RawData!$L$2:$L$941<>0),RawData!$L$2:$L$941),0.75)-PERCENTILE.INC(IF((RawData!$C$2:$C$941="MT")*(RawData!$F$2:$F$941="Pass")*(RawData!$L$2:$L$941<>0),RawData!$L$2:$L$941),0.25)),"")} | K19: {=FERROR(PERCENTILE.INC(IF((RawData!$C$2:$C$941="MT")*(RawData!$F$2:$F$941="Pass")*(RawData!$L$2:$L$941<>0),RawData!$L$2:$L$941),0.75)+1.5*(PERCENTILE.INC(IF((RawData!$C$2:$C$941="MT")*(RawData!$F$2:$F$941="Pass")*(RawData!$L$2:$L$941<>0),RawData!$L$2:$L$941),0.75)-PERCENTILE.INC(IF((RawData!$C$2:$C$941="MT")*(RawData!$F$2:$F$941="Pass")*(RawData!$L$2:$L$941<>0),RawData!$L$2:$L$941),0.25)),"")} | L19: =IFERROR(MAX($F19,$H19,$J19),"") | M19: =IFERROR(MIN($G19,$I19,$K19),"") | N19: =IFERROR(MAX($G19-$F19,$I19-$H19,$K19-$J19)/MIN($G19-$F19,$I19-$H19,$K19-$J19),"") | O19: =IF($N19="","",IF($N19<1.2,"Good",IF($N19<1.5,"Review","Poor - non-normal")))
A20: MT | B20: Inlet/Outlet B Delta | C20: =Config!$E$20 | D20: =Config!$F$20 | E20: =Config!$G$20 | F20: =Config!$F$20-3*Config!$G$20 | G20: =Config!$F$20+3*Config!$G$20 | H20: {=FERROR(PERCENTILE.INC(IF((RawData!$C$2:$C$941="MT")*(RawData!$F$2:$F$941="Pass")*(RawData!$M$2:$M$941<>0),RawData!$M$2:$M$941),0.01),"")} | I20: {=FERROR(PERCENTILE.INC(IF((RawData!$C$2:$C$941="MT")*(RawData!$F$2:$F$941="Pass")*(RawData!$M$2:$M$941<>0),RawData!$M$2:$M$941),0.99),"")} | J20: {=FERROR(PERCENTILE.INC(IF((RawData!$C$2:$C$941="MT")*(RawData!$F$2:$F$941="Pass")*(RawData!$M$2:$M$941<>0),RawData!$M$2:$M$941),0.25)-1.5*(PERCENTILE.INC(IF((RawData!$C$2:$C$941="MT")*(RawData!$F$2:$F$941="Pass")*(RawData!$M$2:$M$941<>0),RawData!$M$2:$M$941),0.75)-PERCENTILE.INC(IF((RawData!$C$2:$C$941="MT")*(RawData!$F$2:$F$941="Pass")*(RawData!$M$2:$M$941<>0),RawData!$M$2:$M$941),0.25)),"")} | K20: {=FERROR(PERCENTILE.INC(IF((RawData!$C$2:$C$941="MT")*(RawData!$F$2:$F$941="Pass")*(RawData!$M$2:$M$941<>0),RawData!$M$2:$M$941),0.75)+1.5*(PERCENTILE.INC(IF((RawData!$C$2:$C$941="MT")*(RawData!$F$2:$F$941="Pass")*(RawData!$M$2:$M$941<>0),RawData!$M$2:$M$941),0.75)-PERCENTILE.INC(IF((RawData!$C$2:$C$941="MT")*(RawData!$F$2:$F$941="Pass")*(RawData!$M$2:$M$941<>0),RawData!$M$2:$M$941),0.25)),"")} | L20: =IFERROR(MAX($F20,$H20,$J20),"") | M20: =IFERROR(MIN($G20,$I20,$K20),"") | N20: =IFERROR(MAX($G20-$F20,$I20-$H20,$K20-$J20)/MIN($G20-$F20,$I20-$H20,$K20-$J20),"") | O20: =IF($N20="","",IF($N20<1.2,"Good",IF($N20<1.5,"Review","Poor - non-normal")))
A21: MT | B21: Ambient Temp | C21: =Config!$E$21 | D21: =Config!$F$21 | E21: =Config!$G$21 | F21: =Config!$F$21-3*Config!$G$21 | G21: =Config!$F$21+3*Config!$G$21 | H21: {=FERROR(PERCENTILE.INC(IF((RawData!$C$2:$C$941="MT")*(RawData!$F$2:$F$941="Pass")*(RawData!$N$2:$N$941<>0),RawData!$N$2:$N$941),0.01),"")} | I21: {=FERROR(PERCENTILE.INC(IF((RawData!$C$2:$C$941="MT")*(RawData!$F$2:$F$941="Pass")*(RawData!$N$2:$N$941<>0),RawData!$N$2:$N$941),0.99),"")} | J21: {=FERROR(PERCENTILE.INC(IF((RawData!$C$2:$C$941="MT")*(RawData!$F$2:$F$941="Pass")*(RawData!$N$2:$N$941<>0),RawData!$N$2:$N$941),0.25)-1.5*(PERCENTILE.INC(IF((RawData!$C$2:$C$941="MT")*(RawData!$F$2:$F$941="Pass")*(RawData!$N$2:$N$941<>0),RawData!$N$2:$N$941),0.75)-PERCENTILE.INC(IF((RawData!$C$2:$C$941="MT")*(RawData!$F$2:$F$941="Pass")*(RawData!$N$2:$N$941<>0),RawData!$N$2:$N$941),0.25)),"")} | K21: {=FERROR(PERCENTILE.INC(IF((RawData!$C$2:$C$941="MT")*(RawData!$F$2:$F$941="Pass")*(RawData!$N$2:$N$941<>0),RawData!$N$2:$N$941),0.75)+1.5*(PERCENTILE.INC(IF((RawData!$C$2:$C$941="MT")*(RawData!$F$2:$F$941="Pass")*(RawData!$N$2:$N$941<>0),RawData!$N$2:$N$941),0.75)-PERCENTILE.INC(IF((RawData!$C$2:$C$941="MT")*(RawData!$F$2:$F$941="Pass")*(RawData!$N$2:$N$941<>0),RawData!$N$2:$N$941),0.25)),"")} | L21: =IFERROR(MAX($F21,$H21,$J21),"") | M21: =IFERROR(MIN($G21,$I21,$K21),"") | N21: =IFERROR(MAX($G21-$F21,$I21-$H21,$K21-$J21)/MIN($G21-$F21,$I21-$H21,$K21-$J21),"") | O21: =IF($N21="","",IF($N21<1.2,"Good",IF($N21<1.5,"Review","Poor - non-normal")))
A22: MT | B22: Startup Voltage | C22: =Config!$E$22 | D22: =Config!$F$22 | E22: =Config!$G$22 | F22: =Config!$F$22-3*Config!$G$22 | G22: =Config!$F$22+3*Config!$G$22 | H22: {=FERROR(PERCENTILE.INC(IF((RawData!$C$2:$C$941="MT")*(RawData!$F$2:$F$941="Pass")*(RawData!$O$2:$O$941<>0),RawData!$O$2:$O$941),0.01),"")} | I22: {=FERROR(PERCENTILE.INC(IF((RawData!$C$2:$C$941="MT")*(RawData!$F$2:$F$941="Pass")*(RawData!$O$2:$O$941<>0),RawData!$O$2:$O$941),0.99),"")} | J22: {=FERROR(PERCENTILE.INC(IF((RawData!$C$2:$C$941="MT")*(RawData!$F$2:$F$941="Pass")*(RawData!$O$2:$O$941<>0),RawData!$O$2:$O$941),0.25)-1.5*(PERCENTILE.INC(IF((RawData!$C$2:$C$941="MT")*(RawData!$F$2:$F$941="Pass")*(RawData!$O$2:$O$941<>0),RawData!$O$2:$O$941),0.75)-PERCENTILE.INC(IF((RawData!$C$2:$C$941="MT")*(RawData!$F$2:$F$941="Pass")*(RawData!$O$2:$O$941<>0),RawData!$O$2:$O$941),0.25)),"")} | K22: {=FERROR(PERCENTILE.INC(IF((RawData!$C$2:$C$941="MT")*(RawData!$F$2:$F$941="Pass")*(RawData!$O$2:$O$941<>0),RawData!$O$2:$O$941),0.75)+1.5*(PERCENTILE.INC(IF((RawData!$C$2:$C$941="MT")*(RawData!$F$2:$F$941="Pass")*(RawData!$O$2:$O$941<>0),RawData!$O$2:$O$941),0.75)-PERCENTILE.INC(IF((RawData!$C$2:$C$941="MT")*(RawData!$F$2:$F$941="Pass")*(RawData!$O$2:$O$941<>0),RawData!$O$2:$O$941),0.25)),"")} | L22: =IFERROR(MAX($F22,$H22,$J22),"") | M22: =IFERROR(MIN($G22,$I22,$K22),"") | N22: =IFERROR(MAX($G22-$F22,$I22-$H22,$K22-$J22)/MIN($G22-$F22,$I22-$H22,$K22-$J22),"") | O22: =IF($N22="","",IF($N22<1.2,"Good",IF($N22<1.5,"Review","Poor - non-normal")))
A23: MT | B23: Final Voltage | C23: =Config!$E$23 | D23: =Config!$F$23 | E23: =Config!$G$23 | F23: =Config!$F$23-3*Config!$G$23 | G23: =Config!$F$23+3*Config!$G$23 | H23: {=FERROR(PERCENTILE.INC(IF((RawData!$C$2:$C$941="MT")*(RawData!$F$2:$F$941="Pass")*(RawData!$P$2:$P$941<>0),RawData!$P$2:$P$941),0.01),"")} | I23: {=FERROR(PERCENTILE.INC(IF((RawData!$C$2:$C$941="MT")*(RawData!$F$2:$F$941="Pass")*(RawData!$P$2:$P$941<>0),RawData!$P$2:$P$941),0.99),"")} | J23: {=FERROR(PERCENTILE.INC(IF((RawData!$C$2:$C$941="MT")*(RawData!$F$2:$F$941="Pass")*(RawData!$P$2:$P$941<>0),RawData!$P$2:$P$941),0.25)-1.5*(PERCENTILE.INC(IF((RawData!$C$2:$C$941="MT")*(RawData!$F$2:$F$941="Pass")*(RawData!$P$2:$P$941<>0),RawData!$P$2:$P$941),0.75)-PERCENTILE.INC(IF((RawData!$C$2:$C$941="MT")*(RawData!$F$2:$F$941="Pass")*(RawData!$P$2:$P$941<>0),RawData!$P$2:$P$941),0.25)),"")} | K23: {=FERROR(PERCENTILE.INC(IF((RawData!$C$2:$C$941="MT")*(RawData!$F$2:$F$941="Pass")*(RawData!$P$2:$P$941<>0),RawData!$P$2:$P$941),0.75)+1.5*(PERCENTILE.INC(IF((RawData!$C$2:$C$941="MT")*(RawData!$F$2:$F$941="Pass")*(RawData!$P$2:$P$941<>0),RawData!$P$2:$P$941),0.75)-PERCENTILE.INC(IF((RawData!$C$2:$C$941="MT")*(RawData!$F$2:$F$941="Pass")*(RawData!$P$2:$P$941<>0),RawData!$P$2:$P$941),0.25)),"")} | L23: =IFERROR(MAX($F23,$H23,$J23),"") | M23: =IFERROR(MIN($G23,$I23,$K23),"") | N23: =IFERROR(MAX($G23-$F23,$I23-$H23,$K23-$J23)/MIN($G23-$F23,$I23-$H23,$K23-$J23),"") | O23: =IF($N23="","",IF($N23<1.2,"Good",IF($N23<1.5,"Review","Poor - non-normal")))
A24: MT | B24: Startup Current | C24: =Config!$E$24 | D24: =Config!$F$24 | E24: =Config!$G$24 | F24: =Config!$F$24-3*Config!$G$24 | G24: =Config!$F$24+3*Config!$G$24 | H24: {=FERROR(PERCENTILE.INC(IF((RawData!$C$2:$C$941="MT")*(RawData!$F$2:$F$941="Pass")*(RawData!$Q$2:$Q$941<>0),RawData!$Q$2:$Q$941),0.01),"")} | I24: {=FERROR(PERCENTILE.INC(IF((RawData!$C$2:$C$941="MT")*(RawData!$F$2:$F$941="Pass")*(RawData!$Q$2:$Q$941<>0),RawData!$Q$2:$Q$941),0.99),"")} | J24: {=FERROR(PERCENTILE.INC(IF((RawData!$C$2:$C$941="MT")*(RawData!$F$2:$F$941="Pass")*(RawData!$Q$2:$Q$941<>0),RawData!$Q$2:$Q$941),0.25)-1.5*(PERCENTILE.INC(IF((RawData!$C$2:$C$941="MT")*(RawData!$F$2:$F$941="Pass")*(RawData!$Q$2:$Q$941<>0),RawData!$Q$2:$Q$941),0.75)-PERCENTILE.INC(IF((RawData!$C$2:$C$941="MT")*(RawData!$F$2:$F$941="Pass")*(RawData!$Q$2:$Q$941<>0),RawData!$Q$2:$Q$941),0.25)),"")} | K24: {=FERROR(PERCENTILE.INC(IF((RawData!$C$2:$C$941="MT")*(RawData!$F$2:$F$941="Pass")*(RawData!$Q$2:$Q$941<>0),RawData!$Q$2:$Q$941),0.75)+1.5*(PERCENTILE.INC(IF((RawData!$C$2:$C$941="MT")*(RawData!$F$2:$F$941="Pass")*(RawData!$Q$2:$Q$941<>0),RawData!$Q$2:$Q$941),0.75)-PERCENTILE.INC(IF((RawData!$C$2:$C$941="MT")*(RawData!$F$2:$F$941="Pass")*(RawData!$Q$2:$Q$941<>0),RawData!$Q$2:$Q$941),0.25)),"")} | L24: =IFERROR(MAX($F24,$H24,$J24),"") | M24: =IFERROR(MIN($G24,$I24,$K24),"") | N24: =IFERROR(MAX($G24-$F24,$I24-$H24,$K24-$J24)/MIN($G24-$F24,$I24-$H24,$K24-$J24),"") | O24: =IF($N24="","",IF($N24<1.2,"Good",IF($N24<1.5,"Review","Poor - non-normal")))
A25: MT | B25: Final Current | C25: =Config!$E$25 | D25: =Config!$F$25 | E25: =Config!$G$25 | F25: =Config!$F$25-3*Config!$G$25 | G25: =Config!$F$25+3*Config!$G$25 | H25: {=FERROR(PERCENTILE.INC(IF((RawData!$C$2:$C$941="MT")*(RawData!$F$2:$F$941="Pass")*(RawData!$R$2:$R$941<>0),RawData!$R$2:$R$941),0.01),"")} | I25: {=FERROR(PERCENTILE.INC(IF((RawData!$C$2:$C$941="MT")*(RawData!$F$2:$F$941="Pass")*(RawData!$R$2:$R$941<>0),RawData!$R$2:$R$941),0.99),"")} | J25: {=FERROR(PERCENTILE.INC(IF((RawData!$C$2:$C$941="MT")*(RawData!$F$2:$F$941="Pass")*(RawData!$R$2:$R$941<>0),RawData!$R$2:$R$941),0.25)-1.5*(PERCENTILE.INC(IF((RawData!$C$2:$C$941="MT")*(RawData!$F$2:$F$941="Pass")*(RawData!$R$2:$R$941<>0),RawData!$R$2:$R$941),0.75)-PERCENTILE.INC(IF((RawData!$C$2:$C$941="MT")*(RawData!$F$2:$F$941="Pass")*(RawData!$R$2:$R$941<>0),RawData!$R$2:$R$941),0.25)),"")} | K25: {=FERROR(PERCENTILE.INC(IF((RawData!$C$2:$C$941="MT")*(RawData!$F$2:$F$941="Pass")*(RawData!$R$2:$R$941<>0),RawData!$R$2:$R$941),0.75)+1.5*(PERCENTILE.INC(IF((RawData!$C$2:$C$941="MT")*(RawData!$F$2:$F$941="Pass")*(RawData!$R$2:$R$941<>0),RawData!$R$2:$R$941),0.75)-PERCENTILE.INC(IF((RawData!$C$2:$C$941="MT")*(RawData!$F$2:$F$941="Pass")*(RawData!$R$2:$R$941<>0),RawData!$R$2:$R$941),0.25)),"")} | L25: =IFERROR(MAX($F25,$H25,$J25),"") | M25: =IFERROR(MIN($G25,$I25,$K25),"") | N25: =IFERROR(MAX($G25-$F25,$I25-$H25,$K25-$J25)/MIN($G25-$F25,$I25-$H25,$K25-$J25),"") | O25: =IF($N25="","",IF($N25<1.2,"Good",IF($N25<1.5,"Review","Poor - non-normal")))

Sheet Outliers
A1: SerialNo | B1: UnitType | C1: BomNo | D1: TestDate | E1: OverallPassFail | F1: Failed? | G1: Measurement | H1: Value | I1: Z_Score
A2: 04M2225120168 | B2: LT | C2: CRS0000675 | D2: 46038 | E2: Fail | F2: YES | G2: Inlet/Outlet Delta | H2: 2024 | I2: 1451.37
A3: 04M2225120168 | B3: LT | C3: CRS0000675 | D3: 46038 | E3: Fail | F3: YES | G3: Inlet/Outlet Delta | H3: 2022.7 | I3: 1450.44
A4: 04M2225120168 | B4: LT | C4: CRS0000675 | D4: 46038 | E4: Fail | F4: YES | G4: Evap Outlet Air Temp | H4: -1952 | I4: 909.35
A5: 04M2225120168 | B5: LT | C5: CRS0000675 | D5: 46038 | E5: Fail | F5: YES | G5: Evap Outlet Air Temp | H5: -1952 | I5: 909.35
A6: 04C1026120845 | B6: LT | C6: CRS0000675 | D6: 46091 | E6: Fail | F6: YES | G6: Evap Inlet Ret Bend A | H6: -1973.8 | I6: 410.96
A7: 04C1326120945 | B7: MT | C7: CRS0000674 | D7: 46097 | E7: Fail | F7: YES | G7: Evap Inlet Ret Bend A | H7: 156 | I7: 26.68
A8: 04C1326120945 | B8: MT | C8: CRS0000674 | D8: 46097 | E8: Fail | F8: YES | G8: Evap Inlet Ret Bend A | H8: 153.3 | I8: 25.72
A9: 04C1326120945 | B9: MT | C9: CRS0000674 | D9: 46095 | E9: Fail | F9: YES | G9: Evap Inlet Ret Bend A | H9: 148.3 | I9: 23.95
A10: 04C1126120904 | B10: MT | C10: CRS0000674 | D10: 46092 | E10: Fail | F10: YES | G10: Evap Inlet Ret Bend A | H10: 143.8 | I10: 22.36
A11: 04C1326120945 | B11: MT | C11: CRS0000674 | D11: 46095 | E11: Fail | F11: YES | G11: Evap Inlet Ret Bend A | H11: 135.2 | I11: 19.31
A12: 04C1326120945 | B12: MT | C12: CRS0000674 | D12: 46097 | E12: Fail | F12: YES | G12: Final Current | H12: 6.54 | I12: 17.17
A13: 04C1326120945 | B13: MT | C13: CRS0000674 | D13: 46097 | E13: Fail | F13: YES | G13: Final Current | H13: 6.49 | I13: 16.85
... A297: 04B0326120505 | B297: LT | C297: CRS0000675 | D297: 46056 | E297: Fail | F297: YES | G297: Startup Current | H297: 6.37 | I297: 3
